algorithm,problem,solID,step,exec_time(milliSec)
simplified-cocome,simplified-cocome__BRF_clone_1.23__moc_1.64__mcnn_1.80__moncnn_1.45__MaxEval_102__ProbPAs_0.95__sb_byTime_sbth_1800000__Algo_nsgaii,0,uml2lqn,4484
NSGA,simplified-cocome__BRF_clone_1.23__moc_1.64__mcnn_1.80__moncnn_1.45__MaxEval_102__ProbPAs_0.95__sb_byTime_sbth_1800000__Algo_nsgaii,0,invoke_solver,147
NSGA,simplified-cocome__BRF_clone_1.23__moc_1.64__mcnn_1.80__moncnn_1.45__MaxEval_102__ProbPAs_0.95__sb_byTime_sbth_1800000__Algo_nsgaii,0,lqn2uml,1250
NSGA,simplified-cocome__BRF_clone_1.23__moc_1.64__mcnn_1.80__moncnn_1.45__MaxEval_102__ProbPAs_0.95__sb_byTime_sbth_1800000__Algo_nsgaii,0,counting_pas,0,9037
simplified-cocome,simplified-cocome__BRF_clone_1.23__moc_1.64__mcnn_1.80__moncnn_1.45__MaxEval_102__ProbPAs_0.95__sb_byTime_sbth_1800000__Algo_nsgaii,0,perfQ,406
simplified-cocome,simplified-cocome__BRF_clone_1.23__moc_1.64__mcnn_1.80__moncnn_1.45__MaxEval_102__ProbPAs_0.95__sb_byTime_sbth_1800000__Algo_nsgaii,reliability,445
simplified-cocome,simplified-cocome__BRF_clone_1.23__moc_1.64__mcnn_1.80__moncnn_1.45__MaxEval_102__ProbPAs_0.95__sb_byTime_sbth_1800000__Algo_nsgaii,1,uml2lqn,2885
NSGA,simplified-cocome__BRF_clone_1.23__moc_1.64__mcnn_1.80__moncnn_1.45__MaxEval_102__ProbPAs_0.95__sb_byTime_sbth_1800000__Algo_nsgaii,1,invoke_solver,220
NSGA,simplified-cocome__BRF_clone_1.23__moc_1.64__mcnn_1.80__moncnn_1.45__MaxEval_102__ProbPAs_0.95__sb_byTime_sbth_1800000__Algo_nsgaii,1,lqn2uml,819
NSGA,simplified-cocome__BRF_clone_1.23__moc_1.64__mcnn_1.80__moncnn_1.45__MaxEval_102__ProbPAs_0.95__sb_byTime_sbth_1800000__Algo_nsgaii,1,counting_pas,1,9399
simplified-cocome,simplified-cocome__BRF_clone_1.23__moc_1.64__mcnn_1.80__moncnn_1.45__MaxEval_102__ProbPAs_0.95__sb_byTime_sbth_1800000__Algo_nsgaii,1,perfQ,690
simplified-cocome,simplified-cocome__BRF_clone_1.23__moc_1.64__mcnn_1.80__moncnn_1.45__MaxEval_102__ProbPAs_0.95__sb_byTime_sbth_1800000__Algo_nsgaii,reliability,235
simplified-cocome,simplified-cocome__BRF_clone_1.23__moc_1.64__mcnn_1.80__moncnn_1.45__MaxEval_102__ProbPAs_0.95__sb_byTime_sbth_1800000__Algo_nsgaii,2,uml2lqn,2815
NSGA,simplified-cocome__BRF_clone_1.23__moc_1.64__mcnn_1.80__moncnn_1.45__MaxEval_102__ProbPAs_0.95__sb_byTime_sbth_1800000__Algo_nsgaii,2,invoke_solver,258
NSGA,simplified-cocome__BRF_clone_1.23__moc_1.64__mcnn_1.80__moncnn_1.45__MaxEval_102__ProbPAs_0.95__sb_byTime_sbth_1800000__Algo_nsgaii,2,lqn2uml,644
NSGA,simplified-cocome__BRF_clone_1.23__moc_1.64__mcnn_1.80__moncnn_1.45__MaxEval_102__ProbPAs_0.95__sb_byTime_sbth_1800000__Algo_nsgaii,2,counting_pas,2,10821
simplified-cocome,simplified-cocome__BRF_clone_1.23__moc_1.64__mcnn_1.80__moncnn_1.45__MaxEval_102__ProbPAs_0.95__sb_byTime_sbth_1800000__Algo_nsgaii,2,perfQ,543
simplified-cocome,simplified-cocome__BRF_clone_1.23__moc_1.64__mcnn_1.80__moncnn_1.45__MaxEval_102__ProbPAs_0.95__sb_byTime_sbth_1800000__Algo_nsgaii,reliability,142
simplified-cocome,simplified-cocome__BRF_clone_1.23__moc_1.64__mcnn_1.80__moncnn_1.45__MaxEval_102__ProbPAs_0.95__sb_byTime_sbth_1800000__Algo_nsgaii,3,uml2lqn,1928
NSGA,simplified-cocome__BRF_clone_1.23__moc_1.64__mcnn_1.80__moncnn_1.45__MaxEval_102__ProbPAs_0.95__sb_byTime_sbth_1800000__Algo_nsgaii,3,invoke_solver,155
NSGA,simplified-cocome__BRF_clone_1.23__moc_1.64__mcnn_1.80__moncnn_1.45__MaxEval_102__ProbPAs_0.95__sb_byTime_sbth_1800000__Algo_nsgaii,3,lqn2uml,553
NSGA,simplified-cocome__BRF_clone_1.23__moc_1.64__mcnn_1.80__moncnn_1.45__MaxEval_102__ProbPAs_0.95__sb_byTime_sbth_1800000__Algo_nsgaii,3,counting_pas,3,7123
simplified-cocome,simplified-cocome__BRF_clone_1.23__moc_1.64__mcnn_1.80__moncnn_1.45__MaxEval_102__ProbPAs_0.95__sb_byTime_sbth_1800000__Algo_nsgaii,3,perfQ,295
simplified-cocome,simplified-cocome__BRF_clone_1.23__moc_1.64__mcnn_1.80__moncnn_1.45__MaxEval_102__ProbPAs_0.95__sb_byTime_sbth_1800000__Algo_nsgaii,reliability,117
simplified-cocome,simplified-cocome__BRF_clone_1.23__moc_1.64__mcnn_1.80__moncnn_1.45__MaxEval_102__ProbPAs_0.95__sb_byTime_sbth_1800000__Algo_nsgaii,4,uml2lqn,1553
NSGA,simplified-cocome__BRF_clone_1.23__moc_1.64__mcnn_1.80__moncnn_1.45__MaxEval_102__ProbPAs_0.95__sb_byTime_sbth_1800000__Algo_nsgaii,4,invoke_solver,276
NSGA,simplified-cocome__BRF_clone_1.23__moc_1.64__mcnn_1.80__moncnn_1.45__MaxEval_102__ProbPAs_0.95__sb_byTime_sbth_1800000__Algo_nsgaii,4,lqn2uml,410
NSGA,simplified-cocome__BRF_clone_1.23__moc_1.64__mcnn_1.80__moncnn_1.45__MaxEval_102__ProbPAs_0.95__sb_byTime_sbth_1800000__Algo_nsgaii,4,counting_pas,4,7672
simplified-cocome,simplified-cocome__BRF_clone_1.23__moc_1.64__mcnn_1.80__moncnn_1.45__MaxEval_102__ProbPAs_0.95__sb_byTime_sbth_1800000__Algo_nsgaii,4,perfQ,359
simplified-cocome,simplified-cocome__BRF_clone_1.23__moc_1.64__mcnn_1.80__moncnn_1.45__MaxEval_102__ProbPAs_0.95__sb_byTime_sbth_1800000__Algo_nsgaii,reliability,127
simplified-cocome,simplified-cocome__BRF_clone_1.23__moc_1.64__mcnn_1.80__moncnn_1.45__MaxEval_102__ProbPAs_0.95__sb_byTime_sbth_1800000__Algo_nsgaii,5,uml2lqn,1464
NSGA,simplified-cocome__BRF_clone_1.23__moc_1.64__mcnn_1.80__moncnn_1.45__MaxEval_102__ProbPAs_0.95__sb_byTime_sbth_1800000__Algo_nsgaii,5,invoke_solver,110
NSGA,simplified-cocome__BRF_clone_1.23__moc_1.64__mcnn_1.80__moncnn_1.45__MaxEval_102__ProbPAs_0.95__sb_byTime_sbth_1800000__Algo_nsgaii,5,lqn2uml,369
NSGA,simplified-cocome__BRF_clone_1.23__moc_1.64__mcnn_1.80__moncnn_1.45__MaxEval_102__ProbPAs_0.95__sb_byTime_sbth_1800000__Algo_nsgaii,5,counting_pas,5,6296
simplified-cocome,simplified-cocome__BRF_clone_1.23__moc_1.64__mcnn_1.80__moncnn_1.45__MaxEval_102__ProbPAs_0.95__sb_byTime_sbth_1800000__Algo_nsgaii,5,perfQ,277
simplified-cocome,simplified-cocome__BRF_clone_1.23__moc_1.64__mcnn_1.80__moncnn_1.45__MaxEval_102__ProbPAs_0.95__sb_byTime_sbth_1800000__Algo_nsgaii,reliability,114
simplified-cocome,simplified-cocome__BRF_clone_1.23__moc_1.64__mcnn_1.80__moncnn_1.45__MaxEval_102__ProbPAs_0.95__sb_byTime_sbth_1800000__Algo_nsgaii,6,uml2lqn,1600
NSGA,simplified-cocome__BRF_clone_1.23__moc_1.64__mcnn_1.80__moncnn_1.45__MaxEval_102__ProbPAs_0.95__sb_byTime_sbth_1800000__Algo_nsgaii,6,invoke_solver,299
NSGA,simplified-cocome__BRF_clone_1.23__moc_1.64__mcnn_1.80__moncnn_1.45__MaxEval_102__ProbPAs_0.95__sb_byTime_sbth_1800000__Algo_nsgaii,6,lqn2uml,322
NSGA,simplified-cocome__BRF_clone_1.23__moc_1.64__mcnn_1.80__moncnn_1.45__MaxEval_102__ProbPAs_0.95__sb_byTime_sbth_1800000__Algo_nsgaii,6,counting_pas,6,6800
simplified-cocome,simplified-cocome__BRF_clone_1.23__moc_1.64__mcnn_1.80__moncnn_1.45__MaxEval_102__ProbPAs_0.95__sb_byTime_sbth_1800000__Algo_nsgaii,6,perfQ,375
simplified-cocome,simplified-cocome__BRF_clone_1.23__moc_1.64__mcnn_1.80__moncnn_1.45__MaxEval_102__ProbPAs_0.95__sb_byTime_sbth_1800000__Algo_nsgaii,reliability,114
simplified-cocome,simplified-cocome__BRF_clone_1.23__moc_1.64__mcnn_1.80__moncnn_1.45__MaxEval_102__ProbPAs_0.95__sb_byTime_sbth_1800000__Algo_nsgaii,7,uml2lqn,1770
NSGA,simplified-cocome__BRF_clone_1.23__moc_1.64__mcnn_1.80__moncnn_1.45__MaxEval_102__ProbPAs_0.95__sb_byTime_sbth_1800000__Algo_nsgaii,7,invoke_solver,248
NSGA,simplified-cocome__BRF_clone_1.23__moc_1.64__mcnn_1.80__moncnn_1.45__MaxEval_102__ProbPAs_0.95__sb_byTime_sbth_1800000__Algo_nsgaii,7,lqn2uml,335
NSGA,simplified-cocome__BRF_clone_1.23__moc_1.64__mcnn_1.80__moncnn_1.45__MaxEval_102__ProbPAs_0.95__sb_byTime_sbth_1800000__Algo_nsgaii,7,counting_pas,7,6071
simplified-cocome,simplified-cocome__BRF_clone_1.23__moc_1.64__mcnn_1.80__moncnn_1.45__MaxEval_102__ProbPAs_0.95__sb_byTime_sbth_1800000__Algo_nsgaii,7,perfQ,367
simplified-cocome,simplified-cocome__BRF_clone_1.23__moc_1.64__mcnn_1.80__moncnn_1.45__MaxEval_102__ProbPAs_0.95__sb_byTime_sbth_1800000__Algo_nsgaii,reliability,133
simplified-cocome,simplified-cocome__BRF_clone_1.23__moc_1.64__mcnn_1.80__moncnn_1.45__MaxEval_102__ProbPAs_0.95__sb_byTime_sbth_1800000__Algo_nsgaii,8,uml2lqn,1551
NSGA,simplified-cocome__BRF_clone_1.23__moc_1.64__mcnn_1.80__moncnn_1.45__MaxEval_102__ProbPAs_0.95__sb_byTime_sbth_1800000__Algo_nsgaii,8,invoke_solver,190
NSGA,simplified-cocome__BRF_clone_1.23__moc_1.64__mcnn_1.80__moncnn_1.45__MaxEval_102__ProbPAs_0.95__sb_byTime_sbth_1800000__Algo_nsgaii,8,lqn2uml,426
NSGA,simplified-cocome__BRF_clone_1.23__moc_1.64__mcnn_1.80__moncnn_1.45__MaxEval_102__ProbPAs_0.95__sb_byTime_sbth_1800000__Algo_nsgaii,8,counting_pas,8,5694
simplified-cocome,simplified-cocome__BRF_clone_1.23__moc_1.64__mcnn_1.80__moncnn_1.45__MaxEval_102__ProbPAs_0.95__sb_byTime_sbth_1800000__Algo_nsgaii,8,perfQ,275
simplified-cocome,simplified-cocome__BRF_clone_1.23__moc_1.64__mcnn_1.80__moncnn_1.45__MaxEval_102__ProbPAs_0.95__sb_byTime_sbth_1800000__Algo_nsgaii,reliability,108
simplified-cocome,simplified-cocome__BRF_clone_1.23__moc_1.64__mcnn_1.80__moncnn_1.45__MaxEval_102__ProbPAs_0.95__sb_byTime_sbth_1800000__Algo_nsgaii,9,uml2lqn,1768
NSGA,simplified-cocome__BRF_clone_1.23__moc_1.64__mcnn_1.80__moncnn_1.45__MaxEval_102__ProbPAs_0.95__sb_byTime_sbth_1800000__Algo_nsgaii,9,invoke_solver,79
NSGA,simplified-cocome__BRF_clone_1.23__moc_1.64__mcnn_1.80__moncnn_1.45__MaxEval_102__ProbPAs_0.95__sb_byTime_sbth_1800000__Algo_nsgaii,9,lqn2uml,353
NSGA,simplified-cocome__BRF_clone_1.23__moc_1.64__mcnn_1.80__moncnn_1.45__MaxEval_102__ProbPAs_0.95__sb_byTime_sbth_1800000__Algo_nsgaii,9,counting_pas,9,7105
simplified-cocome,simplified-cocome__BRF_clone_1.23__moc_1.64__mcnn_1.80__moncnn_1.45__MaxEval_102__ProbPAs_0.95__sb_byTime_sbth_1800000__Algo_nsgaii,9,perfQ,281
simplified-cocome,simplified-cocome__BRF_clone_1.23__moc_1.64__mcnn_1.80__moncnn_1.45__MaxEval_102__ProbPAs_0.95__sb_byTime_sbth_1800000__Algo_nsgaii,reliability,135
simplified-cocome,simplified-cocome__BRF_clone_1.23__moc_1.64__mcnn_1.80__moncnn_1.45__MaxEval_102__ProbPAs_0.95__sb_byTime_sbth_1800000__Algo_nsgaii,10,uml2lqn,1716
NSGA,simplified-cocome__BRF_clone_1.23__moc_1.64__mcnn_1.80__moncnn_1.45__MaxEval_102__ProbPAs_0.95__sb_byTime_sbth_1800000__Algo_nsgaii,10,invoke_solver,45
NSGA,simplified-cocome__BRF_clone_1.23__moc_1.64__mcnn_1.80__moncnn_1.45__MaxEval_102__ProbPAs_0.95__sb_byTime_sbth_1800000__Algo_nsgaii,10,lqn2uml,324
NSGA,simplified-cocome__BRF_clone_1.23__moc_1.64__mcnn_1.80__moncnn_1.45__MaxEval_102__ProbPAs_0.95__sb_byTime_sbth_1800000__Algo_nsgaii,10,counting_pas,10,6216
simplified-cocome,simplified-cocome__BRF_clone_1.23__moc_1.64__mcnn_1.80__moncnn_1.45__MaxEval_102__ProbPAs_0.95__sb_byTime_sbth_1800000__Algo_nsgaii,10,perfQ,411
simplified-cocome,simplified-cocome__BRF_clone_1.23__moc_1.64__mcnn_1.80__moncnn_1.45__MaxEval_102__ProbPAs_0.95__sb_byTime_sbth_1800000__Algo_nsgaii,reliability,103
simplified-cocome,simplified-cocome__BRF_clone_1.23__moc_1.64__mcnn_1.80__moncnn_1.45__MaxEval_102__ProbPAs_0.95__sb_byTime_sbth_1800000__Algo_nsgaii,11,uml2lqn,1980
NSGA,simplified-cocome__BRF_clone_1.23__moc_1.64__mcnn_1.80__moncnn_1.45__MaxEval_102__ProbPAs_0.95__sb_byTime_sbth_1800000__Algo_nsgaii,11,invoke_solver,248
NSGA,simplified-cocome__BRF_clone_1.23__moc_1.64__mcnn_1.80__moncnn_1.45__MaxEval_102__ProbPAs_0.95__sb_byTime_sbth_1800000__Algo_nsgaii,11,lqn2uml,288
NSGA,simplified-cocome__BRF_clone_1.23__moc_1.64__mcnn_1.80__moncnn_1.45__MaxEval_102__ProbPAs_0.95__sb_byTime_sbth_1800000__Algo_nsgaii,11,counting_pas,11,6080
simplified-cocome,simplified-cocome__BRF_clone_1.23__moc_1.64__mcnn_1.80__moncnn_1.45__MaxEval_102__ProbPAs_0.95__sb_byTime_sbth_1800000__Algo_nsgaii,11,perfQ,296
simplified-cocome,simplified-cocome__BRF_clone_1.23__moc_1.64__mcnn_1.80__moncnn_1.45__MaxEval_102__ProbPAs_0.95__sb_byTime_sbth_1800000__Algo_nsgaii,reliability,103
simplified-cocome,simplified-cocome__BRF_clone_1.23__moc_1.64__mcnn_1.80__moncnn_1.45__MaxEval_102__ProbPAs_0.95__sb_byTime_sbth_1800000__Algo_nsgaii,12,uml2lqn,1734
NSGA,simplified-cocome__BRF_clone_1.23__moc_1.64__mcnn_1.80__moncnn_1.45__MaxEval_102__ProbPAs_0.95__sb_byTime_sbth_1800000__Algo_nsgaii,12,invoke_solver,69
NSGA,simplified-cocome__BRF_clone_1.23__moc_1.64__mcnn_1.80__moncnn_1.45__MaxEval_102__ProbPAs_0.95__sb_byTime_sbth_1800000__Algo_nsgaii,12,lqn2uml,366
NSGA,simplified-cocome__BRF_clone_1.23__moc_1.64__mcnn_1.80__moncnn_1.45__MaxEval_102__ProbPAs_0.95__sb_byTime_sbth_1800000__Algo_nsgaii,12,counting_pas,12,7117
simplified-cocome,simplified-cocome__BRF_clone_1.23__moc_1.64__mcnn_1.80__moncnn_1.45__MaxEval_102__ProbPAs_0.95__sb_byTime_sbth_1800000__Algo_nsgaii,12,perfQ,367
simplified-cocome,simplified-cocome__BRF_clone_1.23__moc_1.64__mcnn_1.80__moncnn_1.45__MaxEval_102__ProbPAs_0.95__sb_byTime_sbth_1800000__Algo_nsgaii,reliability,107
simplified-cocome,simplified-cocome__BRF_clone_1.23__moc_1.64__mcnn_1.80__moncnn_1.45__MaxEval_102__ProbPAs_0.95__sb_byTime_sbth_1800000__Algo_nsgaii,13,uml2lqn,1554
NSGA,simplified-cocome__BRF_clone_1.23__moc_1.64__mcnn_1.80__moncnn_1.45__MaxEval_102__ProbPAs_0.95__sb_byTime_sbth_1800000__Algo_nsgaii,13,invoke_solver,239
NSGA,simplified-cocome__BRF_clone_1.23__moc_1.64__mcnn_1.80__moncnn_1.45__MaxEval_102__ProbPAs_0.95__sb_byTime_sbth_1800000__Algo_nsgaii,13,lqn2uml,381
NSGA,simplified-cocome__BRF_clone_1.23__moc_1.64__mcnn_1.80__moncnn_1.45__MaxEval_102__ProbPAs_0.95__sb_byTime_sbth_1800000__Algo_nsgaii,13,counting_pas,13,6657
simplified-cocome,simplified-cocome__BRF_clone_1.23__moc_1.64__mcnn_1.80__moncnn_1.45__MaxEval_102__ProbPAs_0.95__sb_byTime_sbth_1800000__Algo_nsgaii,13,perfQ,299
simplified-cocome,simplified-cocome__BRF_clone_1.23__moc_1.64__mcnn_1.80__moncnn_1.45__MaxEval_102__ProbPAs_0.95__sb_byTime_sbth_1800000__Algo_nsgaii,reliability,140
simplified-cocome,simplified-cocome__BRF_clone_1.23__moc_1.64__mcnn_1.80__moncnn_1.45__MaxEval_102__ProbPAs_0.95__sb_byTime_sbth_1800000__Algo_nsgaii,14,uml2lqn,1855
NSGA,simplified-cocome__BRF_clone_1.23__moc_1.64__mcnn_1.80__moncnn_1.45__MaxEval_102__ProbPAs_0.95__sb_byTime_sbth_1800000__Algo_nsgaii,14,invoke_solver,50
NSGA,simplified-cocome__BRF_clone_1.23__moc_1.64__mcnn_1.80__moncnn_1.45__MaxEval_102__ProbPAs_0.95__sb_byTime_sbth_1800000__Algo_nsgaii,14,lqn2uml,371
NSGA,simplified-cocome__BRF_clone_1.23__moc_1.64__mcnn_1.80__moncnn_1.45__MaxEval_102__ProbPAs_0.95__sb_byTime_sbth_1800000__Algo_nsgaii,14,counting_pas,14,6394
simplified-cocome,simplified-cocome__BRF_clone_1.23__moc_1.64__mcnn_1.80__moncnn_1.45__MaxEval_102__ProbPAs_0.95__sb_byTime_sbth_1800000__Algo_nsgaii,14,perfQ,402
simplified-cocome,simplified-cocome__BRF_clone_1.23__moc_1.64__mcnn_1.80__moncnn_1.45__MaxEval_102__ProbPAs_0.95__sb_byTime_sbth_1800000__Algo_nsgaii,reliability,152
simplified-cocome,simplified-cocome__BRF_clone_1.23__moc_1.64__mcnn_1.80__moncnn_1.45__MaxEval_102__ProbPAs_0.95__sb_byTime_sbth_1800000__Algo_nsgaii,15,uml2lqn,1723
NSGA,simplified-cocome__BRF_clone_1.23__moc_1.64__mcnn_1.80__moncnn_1.45__MaxEval_102__ProbPAs_0.95__sb_byTime_sbth_1800000__Algo_nsgaii,15,invoke_solver,43
NSGA,simplified-cocome__BRF_clone_1.23__moc_1.64__mcnn_1.80__moncnn_1.45__MaxEval_102__ProbPAs_0.95__sb_byTime_sbth_1800000__Algo_nsgaii,15,lqn2uml,365
NSGA,simplified-cocome__BRF_clone_1.23__moc_1.64__mcnn_1.80__moncnn_1.45__MaxEval_102__ProbPAs_0.95__sb_byTime_sbth_1800000__Algo_nsgaii,15,counting_pas,15,6600
simplified-cocome,simplified-cocome__BRF_clone_1.23__moc_1.64__mcnn_1.80__moncnn_1.45__MaxEval_102__ProbPAs_0.95__sb_byTime_sbth_1800000__Algo_nsgaii,15,perfQ,345
simplified-cocome,simplified-cocome__BRF_clone_1.23__moc_1.64__mcnn_1.80__moncnn_1.45__MaxEval_102__ProbPAs_0.95__sb_byTime_sbth_1800000__Algo_nsgaii,reliability,154
simplified-cocome,simplified-cocome__BRF_clone_1.23__moc_1.64__mcnn_1.80__moncnn_1.45__MaxEval_102__ProbPAs_0.95__sb_byTime_sbth_1800000__Algo_nsgaii,16,uml2lqn,1680
NSGA,simplified-cocome__BRF_clone_1.23__moc_1.64__mcnn_1.80__moncnn_1.45__MaxEval_102__ProbPAs_0.95__sb_byTime_sbth_1800000__Algo_nsgaii,16,invoke_solver,149
NSGA,simplified-cocome__BRF_clone_1.23__moc_1.64__mcnn_1.80__moncnn_1.45__MaxEval_102__ProbPAs_0.95__sb_byTime_sbth_1800000__Algo_nsgaii,16,lqn2uml,411
NSGA,simplified-cocome__BRF_clone_1.23__moc_1.64__mcnn_1.80__moncnn_1.45__MaxEval_102__ProbPAs_0.95__sb_byTime_sbth_1800000__Algo_nsgaii,16,counting_pas,16,6058
simplified-cocome,simplified-cocome__BRF_clone_1.23__moc_1.64__mcnn_1.80__moncnn_1.45__MaxEval_102__ProbPAs_0.95__sb_byTime_sbth_1800000__Algo_nsgaii,16,perfQ,344
simplified-cocome,simplified-cocome__BRF_clone_1.23__moc_1.64__mcnn_1.80__moncnn_1.45__MaxEval_102__ProbPAs_0.95__sb_byTime_sbth_1800000__Algo_nsgaii,reliability,129
simplified-cocome,simplified-cocome__BRF_clone_1.23__moc_1.64__mcnn_1.80__moncnn_1.45__MaxEval_102__ProbPAs_0.95__sb_byTime_sbth_1800000__Algo_nsgaii,17,uml2lqn,1779
NSGA,simplified-cocome__BRF_clone_1.23__moc_1.64__mcnn_1.80__moncnn_1.45__MaxEval_102__ProbPAs_0.95__sb_byTime_sbth_1800000__Algo_nsgaii,17,invoke_solver,55
NSGA,simplified-cocome__BRF_clone_1.23__moc_1.64__mcnn_1.80__moncnn_1.45__MaxEval_102__ProbPAs_0.95__sb_byTime_sbth_1800000__Algo_nsgaii,17,lqn2uml,405
NSGA,simplified-cocome__BRF_clone_1.23__moc_1.64__mcnn_1.80__moncnn_1.45__MaxEval_102__ProbPAs_0.95__sb_byTime_sbth_1800000__Algo_nsgaii,17,counting_pas,17,7488
simplified-cocome,simplified-cocome__BRF_clone_1.23__moc_1.64__mcnn_1.80__moncnn_1.45__MaxEval_102__ProbPAs_0.95__sb_byTime_sbth_1800000__Algo_nsgaii,17,perfQ,397
simplified-cocome,simplified-cocome__BRF_clone_1.23__moc_1.64__mcnn_1.80__moncnn_1.45__MaxEval_102__ProbPAs_0.95__sb_byTime_sbth_1800000__Algo_nsgaii,reliability,131
simplified-cocome,simplified-cocome__BRF_clone_1.23__moc_1.64__mcnn_1.80__moncnn_1.45__MaxEval_102__ProbPAs_0.95__sb_byTime_sbth_1800000__Algo_nsgaii,18,uml2lqn,1838
NSGA,simplified-cocome__BRF_clone_1.23__moc_1.64__mcnn_1.80__moncnn_1.45__MaxEval_102__ProbPAs_0.95__sb_byTime_sbth_1800000__Algo_nsgaii,18,invoke_solver,46
NSGA,simplified-cocome__BRF_clone_1.23__moc_1.64__mcnn_1.80__moncnn_1.45__MaxEval_102__ProbPAs_0.95__sb_byTime_sbth_1800000__Algo_nsgaii,18,lqn2uml,559
NSGA,simplified-cocome__BRF_clone_1.23__moc_1.64__mcnn_1.80__moncnn_1.45__MaxEval_102__ProbPAs_0.95__sb_byTime_sbth_1800000__Algo_nsgaii,18,counting_pas,18,6885
simplified-cocome,simplified-cocome__BRF_clone_1.23__moc_1.64__mcnn_1.80__moncnn_1.45__MaxEval_102__ProbPAs_0.95__sb_byTime_sbth_1800000__Algo_nsgaii,18,perfQ,517
simplified-cocome,simplified-cocome__BRF_clone_1.23__moc_1.64__mcnn_1.80__moncnn_1.45__MaxEval_102__ProbPAs_0.95__sb_byTime_sbth_1800000__Algo_nsgaii,reliability,122
simplified-cocome,simplified-cocome__BRF_clone_1.23__moc_1.64__mcnn_1.80__moncnn_1.45__MaxEval_102__ProbPAs_0.95__sb_byTime_sbth_1800000__Algo_nsgaii,19,uml2lqn,2032
NSGA,simplified-cocome__BRF_clone_1.23__moc_1.64__mcnn_1.80__moncnn_1.45__MaxEval_102__ProbPAs_0.95__sb_byTime_sbth_1800000__Algo_nsgaii,19,invoke_solver,94
NSGA,simplified-cocome__BRF_clone_1.23__moc_1.64__mcnn_1.80__moncnn_1.45__MaxEval_102__ProbPAs_0.95__sb_byTime_sbth_1800000__Algo_nsgaii,19,lqn2uml,361
NSGA,simplified-cocome__BRF_clone_1.23__moc_1.64__mcnn_1.80__moncnn_1.45__MaxEval_102__ProbPAs_0.95__sb_byTime_sbth_1800000__Algo_nsgaii,19,counting_pas,19,8759
simplified-cocome,simplified-cocome__BRF_clone_1.23__moc_1.64__mcnn_1.80__moncnn_1.45__MaxEval_102__ProbPAs_0.95__sb_byTime_sbth_1800000__Algo_nsgaii,19,perfQ,496
simplified-cocome,simplified-cocome__BRF_clone_1.23__moc_1.64__mcnn_1.80__moncnn_1.45__MaxEval_102__ProbPAs_0.95__sb_byTime_sbth_1800000__Algo_nsgaii,reliability,179
simplified-cocome,simplified-cocome__BRF_clone_1.23__moc_1.64__mcnn_1.80__moncnn_1.45__MaxEval_102__ProbPAs_0.95__sb_byTime_sbth_1800000__Algo_nsgaii,20,uml2lqn,2068
NSGA,simplified-cocome__BRF_clone_1.23__moc_1.64__mcnn_1.80__moncnn_1.45__MaxEval_102__ProbPAs_0.95__sb_byTime_sbth_1800000__Algo_nsgaii,20,invoke_solver,76
NSGA,simplified-cocome__BRF_clone_1.23__moc_1.64__mcnn_1.80__moncnn_1.45__MaxEval_102__ProbPAs_0.95__sb_byTime_sbth_1800000__Algo_nsgaii,20,lqn2uml,671
NSGA,simplified-cocome__BRF_clone_1.23__moc_1.64__mcnn_1.80__moncnn_1.45__MaxEval_102__ProbPAs_0.95__sb_byTime_sbth_1800000__Algo_nsgaii,20,counting_pas,20,7470
simplified-cocome,simplified-cocome__BRF_clone_1.23__moc_1.64__mcnn_1.80__moncnn_1.45__MaxEval_102__ProbPAs_0.95__sb_byTime_sbth_1800000__Algo_nsgaii,20,perfQ,642
simplified-cocome,simplified-cocome__BRF_clone_1.23__moc_1.64__mcnn_1.80__moncnn_1.45__MaxEval_102__ProbPAs_0.95__sb_byTime_sbth_1800000__Algo_nsgaii,reliability,165
simplified-cocome,simplified-cocome__BRF_clone_1.23__moc_1.64__mcnn_1.80__moncnn_1.45__MaxEval_102__ProbPAs_0.95__sb_byTime_sbth_1800000__Algo_nsgaii,21,uml2lqn,2360
NSGA,simplified-cocome__BRF_clone_1.23__moc_1.64__mcnn_1.80__moncnn_1.45__MaxEval_102__ProbPAs_0.95__sb_byTime_sbth_1800000__Algo_nsgaii,21,invoke_solver,65
NSGA,simplified-cocome__BRF_clone_1.23__moc_1.64__mcnn_1.80__moncnn_1.45__MaxEval_102__ProbPAs_0.95__sb_byTime_sbth_1800000__Algo_nsgaii,21,lqn2uml,419
NSGA,simplified-cocome__BRF_clone_1.23__moc_1.64__mcnn_1.80__moncnn_1.45__MaxEval_102__ProbPAs_0.95__sb_byTime_sbth_1800000__Algo_nsgaii,21,counting_pas,21,8836
simplified-cocome,simplified-cocome__BRF_clone_1.23__moc_1.64__mcnn_1.80__moncnn_1.45__MaxEval_102__ProbPAs_0.95__sb_byTime_sbth_1800000__Algo_nsgaii,21,perfQ,484
simplified-cocome,simplified-cocome__BRF_clone_1.23__moc_1.64__mcnn_1.80__moncnn_1.45__MaxEval_102__ProbPAs_0.95__sb_byTime_sbth_1800000__Algo_nsgaii,reliability,184
simplified-cocome,simplified-cocome__BRF_clone_1.23__moc_1.64__mcnn_1.80__moncnn_1.45__MaxEval_102__ProbPAs_0.95__sb_byTime_sbth_1800000__Algo_nsgaii,24,uml2lqn,2026
NSGA,simplified-cocome__BRF_clone_1.23__moc_1.64__mcnn_1.80__moncnn_1.45__MaxEval_102__ProbPAs_0.95__sb_byTime_sbth_1800000__Algo_nsgaii,24,invoke_solver,208
NSGA,simplified-cocome__BRF_clone_1.23__moc_1.64__mcnn_1.80__moncnn_1.45__MaxEval_102__ProbPAs_0.95__sb_byTime_sbth_1800000__Algo_nsgaii,24,lqn2uml,636
NSGA,simplified-cocome__BRF_clone_1.23__moc_1.64__mcnn_1.80__moncnn_1.45__MaxEval_102__ProbPAs_0.95__sb_byTime_sbth_1800000__Algo_nsgaii,24,counting_pas,24,7227
simplified-cocome,simplified-cocome__BRF_clone_1.23__moc_1.64__mcnn_1.80__moncnn_1.45__MaxEval_102__ProbPAs_0.95__sb_byTime_sbth_1800000__Algo_nsgaii,24,perfQ,462
simplified-cocome,simplified-cocome__BRF_clone_1.23__moc_1.64__mcnn_1.80__moncnn_1.45__MaxEval_102__ProbPAs_0.95__sb_byTime_sbth_1800000__Algo_nsgaii,reliability,225
simplified-cocome,simplified-cocome__BRF_clone_1.23__moc_1.64__mcnn_1.80__moncnn_1.45__MaxEval_102__ProbPAs_0.95__sb_byTime_sbth_1800000__Algo_nsgaii,25,uml2lqn,2277
NSGA,simplified-cocome__BRF_clone_1.23__moc_1.64__mcnn_1.80__moncnn_1.45__MaxEval_102__ProbPAs_0.95__sb_byTime_sbth_1800000__Algo_nsgaii,25,invoke_solver,48
NSGA,simplified-cocome__BRF_clone_1.23__moc_1.64__mcnn_1.80__moncnn_1.45__MaxEval_102__ProbPAs_0.95__sb_byTime_sbth_1800000__Algo_nsgaii,25,lqn2uml,411
NSGA,simplified-cocome__BRF_clone_1.23__moc_1.64__mcnn_1.80__moncnn_1.45__MaxEval_102__ProbPAs_0.95__sb_byTime_sbth_1800000__Algo_nsgaii,25,counting_pas,25,7271
simplified-cocome,simplified-cocome__BRF_clone_1.23__moc_1.64__mcnn_1.80__moncnn_1.45__MaxEval_102__ProbPAs_0.95__sb_byTime_sbth_1800000__Algo_nsgaii,25,perfQ,687
simplified-cocome,simplified-cocome__BRF_clone_1.23__moc_1.64__mcnn_1.80__moncnn_1.45__MaxEval_102__ProbPAs_0.95__sb_byTime_sbth_1800000__Algo_nsgaii,reliability,156
simplified-cocome,simplified-cocome__BRF_clone_1.23__moc_1.64__mcnn_1.80__moncnn_1.45__MaxEval_102__ProbPAs_0.95__sb_byTime_sbth_1800000__Algo_nsgaii,26,uml2lqn,2124
NSGA,simplified-cocome__BRF_clone_1.23__moc_1.64__mcnn_1.80__moncnn_1.45__MaxEval_102__ProbPAs_0.95__sb_byTime_sbth_1800000__Algo_nsgaii,26,invoke_solver,238
NSGA,simplified-cocome__BRF_clone_1.23__moc_1.64__mcnn_1.80__moncnn_1.45__MaxEval_102__ProbPAs_0.95__sb_byTime_sbth_1800000__Algo_nsgaii,26,lqn2uml,391
NSGA,simplified-cocome__BRF_clone_1.23__moc_1.64__mcnn_1.80__moncnn_1.45__MaxEval_102__ProbPAs_0.95__sb_byTime_sbth_1800000__Algo_nsgaii,26,counting_pas,26,7466
simplified-cocome,simplified-cocome__BRF_clone_1.23__moc_1.64__mcnn_1.80__moncnn_1.45__MaxEval_102__ProbPAs_0.95__sb_byTime_sbth_1800000__Algo_nsgaii,26,perfQ,509
simplified-cocome,simplified-cocome__BRF_clone_1.23__moc_1.64__mcnn_1.80__moncnn_1.45__MaxEval_102__ProbPAs_0.95__sb_byTime_sbth_1800000__Algo_nsgaii,reliability,170
simplified-cocome,simplified-cocome__BRF_clone_1.23__moc_1.64__mcnn_1.80__moncnn_1.45__MaxEval_102__ProbPAs_0.95__sb_byTime_sbth_1800000__Algo_nsgaii,27,uml2lqn,2136
NSGA,simplified-cocome__BRF_clone_1.23__moc_1.64__mcnn_1.80__moncnn_1.45__MaxEval_102__ProbPAs_0.95__sb_byTime_sbth_1800000__Algo_nsgaii,27,invoke_solver,61
NSGA,simplified-cocome__BRF_clone_1.23__moc_1.64__mcnn_1.80__moncnn_1.45__MaxEval_102__ProbPAs_0.95__sb_byTime_sbth_1800000__Algo_nsgaii,27,lqn2uml,422
NSGA,simplified-cocome__BRF_clone_1.23__moc_1.64__mcnn_1.80__moncnn_1.45__MaxEval_102__ProbPAs_0.95__sb_byTime_sbth_1800000__Algo_nsgaii,27,counting_pas,27,8455
simplified-cocome,simplified-cocome__BRF_clone_1.23__moc_1.64__mcnn_1.80__moncnn_1.45__MaxEval_102__ProbPAs_0.95__sb_byTime_sbth_1800000__Algo_nsgaii,27,perfQ,603
simplified-cocome,simplified-cocome__BRF_clone_1.23__moc_1.64__mcnn_1.80__moncnn_1.45__MaxEval_102__ProbPAs_0.95__sb_byTime_sbth_1800000__Algo_nsgaii,reliability,133
simplified-cocome,simplified-cocome__BRF_clone_1.23__moc_1.64__mcnn_1.80__moncnn_1.45__MaxEval_102__ProbPAs_0.95__sb_byTime_sbth_1800000__Algo_nsgaii,32,uml2lqn,2031
NSGA,simplified-cocome__BRF_clone_1.23__moc_1.64__mcnn_1.80__moncnn_1.45__MaxEval_102__ProbPAs_0.95__sb_byTime_sbth_1800000__Algo_nsgaii,32,invoke_solver,137
NSGA,simplified-cocome__BRF_clone_1.23__moc_1.64__mcnn_1.80__moncnn_1.45__MaxEval_102__ProbPAs_0.95__sb_byTime_sbth_1800000__Algo_nsgaii,32,lqn2uml,632
NSGA,simplified-cocome__BRF_clone_1.23__moc_1.64__mcnn_1.80__moncnn_1.45__MaxEval_102__ProbPAs_0.95__sb_byTime_sbth_1800000__Algo_nsgaii,32,counting_pas,32,7703
simplified-cocome,simplified-cocome__BRF_clone_1.23__moc_1.64__mcnn_1.80__moncnn_1.45__MaxEval_102__ProbPAs_0.95__sb_byTime_sbth_1800000__Algo_nsgaii,32,perfQ,576
simplified-cocome,simplified-cocome__BRF_clone_1.23__moc_1.64__mcnn_1.80__moncnn_1.45__MaxEval_102__ProbPAs_0.95__sb_byTime_sbth_1800000__Algo_nsgaii,reliability,132
simplified-cocome,simplified-cocome__BRF_clone_1.23__moc_1.64__mcnn_1.80__moncnn_1.45__MaxEval_102__ProbPAs_0.95__sb_byTime_sbth_1800000__Algo_nsgaii,33,uml2lqn,2042
NSGA,simplified-cocome__BRF_clone_1.23__moc_1.64__mcnn_1.80__moncnn_1.45__MaxEval_102__ProbPAs_0.95__sb_byTime_sbth_1800000__Algo_nsgaii,33,invoke_solver,110
NSGA,simplified-cocome__BRF_clone_1.23__moc_1.64__mcnn_1.80__moncnn_1.45__MaxEval_102__ProbPAs_0.95__sb_byTime_sbth_1800000__Algo_nsgaii,33,lqn2uml,470
NSGA,simplified-cocome__BRF_clone_1.23__moc_1.64__mcnn_1.80__moncnn_1.45__MaxEval_102__ProbPAs_0.95__sb_byTime_sbth_1800000__Algo_nsgaii,33,counting_pas,33,7916
simplified-cocome,simplified-cocome__BRF_clone_1.23__moc_1.64__mcnn_1.80__moncnn_1.45__MaxEval_102__ProbPAs_0.95__sb_byTime_sbth_1800000__Algo_nsgaii,33,perfQ,579
simplified-cocome,simplified-cocome__BRF_clone_1.23__moc_1.64__mcnn_1.80__moncnn_1.45__MaxEval_102__ProbPAs_0.95__sb_byTime_sbth_1800000__Algo_nsgaii,reliability,153
simplified-cocome,simplified-cocome__BRF_clone_1.23__moc_1.64__mcnn_1.80__moncnn_1.45__MaxEval_102__ProbPAs_0.95__sb_byTime_sbth_1800000__Algo_nsgaii,34,uml2lqn,2279
NSGA,simplified-cocome__BRF_clone_1.23__moc_1.64__mcnn_1.80__moncnn_1.45__MaxEval_102__ProbPAs_0.95__sb_byTime_sbth_1800000__Algo_nsgaii,34,invoke_solver,64
NSGA,simplified-cocome__BRF_clone_1.23__moc_1.64__mcnn_1.80__moncnn_1.45__MaxEval_102__ProbPAs_0.95__sb_byTime_sbth_1800000__Algo_nsgaii,34,lqn2uml,464
NSGA,simplified-cocome__BRF_clone_1.23__moc_1.64__mcnn_1.80__moncnn_1.45__MaxEval_102__ProbPAs_0.95__sb_byTime_sbth_1800000__Algo_nsgaii,34,counting_pas,34,8073
simplified-cocome,simplified-cocome__BRF_clone_1.23__moc_1.64__mcnn_1.80__moncnn_1.45__MaxEval_102__ProbPAs_0.95__sb_byTime_sbth_1800000__Algo_nsgaii,34,perfQ,767
simplified-cocome,simplified-cocome__BRF_clone_1.23__moc_1.64__mcnn_1.80__moncnn_1.45__MaxEval_102__ProbPAs_0.95__sb_byTime_sbth_1800000__Algo_nsgaii,reliability,170
simplified-cocome,simplified-cocome__BRF_clone_1.23__moc_1.64__mcnn_1.80__moncnn_1.45__MaxEval_102__ProbPAs_0.95__sb_byTime_sbth_1800000__Algo_nsgaii,35,uml2lqn,2320
NSGA,simplified-cocome__BRF_clone_1.23__moc_1.64__mcnn_1.80__moncnn_1.45__MaxEval_102__ProbPAs_0.95__sb_byTime_sbth_1800000__Algo_nsgaii,35,invoke_solver,100
NSGA,simplified-cocome__BRF_clone_1.23__moc_1.64__mcnn_1.80__moncnn_1.45__MaxEval_102__ProbPAs_0.95__sb_byTime_sbth_1800000__Algo_nsgaii,35,lqn2uml,788
NSGA,simplified-cocome__BRF_clone_1.23__moc_1.64__mcnn_1.80__moncnn_1.45__MaxEval_102__ProbPAs_0.95__sb_byTime_sbth_1800000__Algo_nsgaii,35,counting_pas,35,9276
simplified-cocome,simplified-cocome__BRF_clone_1.23__moc_1.64__mcnn_1.80__moncnn_1.45__MaxEval_102__ProbPAs_0.95__sb_byTime_sbth_1800000__Algo_nsgaii,35,perfQ,508
simplified-cocome,simplified-cocome__BRF_clone_1.23__moc_1.64__mcnn_1.80__moncnn_1.45__MaxEval_102__ProbPAs_0.95__sb_byTime_sbth_1800000__Algo_nsgaii,reliability,110
simplified-cocome,simplified-cocome__BRF_clone_1.23__moc_1.64__mcnn_1.80__moncnn_1.45__MaxEval_102__ProbPAs_0.95__sb_byTime_sbth_1800000__Algo_nsgaii,38,uml2lqn,2135
NSGA,simplified-cocome__BRF_clone_1.23__moc_1.64__mcnn_1.80__moncnn_1.45__MaxEval_102__ProbPAs_0.95__sb_byTime_sbth_1800000__Algo_nsgaii,38,invoke_solver,67
NSGA,simplified-cocome__BRF_clone_1.23__moc_1.64__mcnn_1.80__moncnn_1.45__MaxEval_102__ProbPAs_0.95__sb_byTime_sbth_1800000__Algo_nsgaii,38,lqn2uml,655
NSGA,simplified-cocome__BRF_clone_1.23__moc_1.64__mcnn_1.80__moncnn_1.45__MaxEval_102__ProbPAs_0.95__sb_byTime_sbth_1800000__Algo_nsgaii,38,counting_pas,38,8994
simplified-cocome,simplified-cocome__BRF_clone_1.23__moc_1.64__mcnn_1.80__moncnn_1.45__MaxEval_102__ProbPAs_0.95__sb_byTime_sbth_1800000__Algo_nsgaii,38,perfQ,506
simplified-cocome,simplified-cocome__BRF_clone_1.23__moc_1.64__mcnn_1.80__moncnn_1.45__MaxEval_102__ProbPAs_0.95__sb_byTime_sbth_1800000__Algo_nsgaii,reliability,152
simplified-cocome,simplified-cocome__BRF_clone_1.23__moc_1.64__mcnn_1.80__moncnn_1.45__MaxEval_102__ProbPAs_0.95__sb_byTime_sbth_1800000__Algo_nsgaii,39,uml2lqn,2261
NSGA,simplified-cocome__BRF_clone_1.23__moc_1.64__mcnn_1.80__moncnn_1.45__MaxEval_102__ProbPAs_0.95__sb_byTime_sbth_1800000__Algo_nsgaii,39,invoke_solver,55
NSGA,simplified-cocome__BRF_clone_1.23__moc_1.64__mcnn_1.80__moncnn_1.45__MaxEval_102__ProbPAs_0.95__sb_byTime_sbth_1800000__Algo_nsgaii,39,lqn2uml,677
NSGA,simplified-cocome__BRF_clone_1.23__moc_1.64__mcnn_1.80__moncnn_1.45__MaxEval_102__ProbPAs_0.95__sb_byTime_sbth_1800000__Algo_nsgaii,39,counting_pas,39,8212
simplified-cocome,simplified-cocome__BRF_clone_1.23__moc_1.64__mcnn_1.80__moncnn_1.45__MaxEval_102__ProbPAs_0.95__sb_byTime_sbth_1800000__Algo_nsgaii,39,perfQ,312
simplified-cocome,simplified-cocome__BRF_clone_1.23__moc_1.64__mcnn_1.80__moncnn_1.45__MaxEval_102__ProbPAs_0.95__sb_byTime_sbth_1800000__Algo_nsgaii,reliability,139
simplified-cocome,simplified-cocome__BRF_clone_1.23__moc_1.64__mcnn_1.80__moncnn_1.45__MaxEval_102__ProbPAs_0.95__sb_byTime_sbth_1800000__Algo_nsgaii,42,uml2lqn,2131
NSGA,simplified-cocome__BRF_clone_1.23__moc_1.64__mcnn_1.80__moncnn_1.45__MaxEval_102__ProbPAs_0.95__sb_byTime_sbth_1800000__Algo_nsgaii,42,invoke_solver,66
NSGA,simplified-cocome__BRF_clone_1.23__moc_1.64__mcnn_1.80__moncnn_1.45__MaxEval_102__ProbPAs_0.95__sb_byTime_sbth_1800000__Algo_nsgaii,42,lqn2uml,740
NSGA,simplified-cocome__BRF_clone_1.23__moc_1.64__mcnn_1.80__moncnn_1.45__MaxEval_102__ProbPAs_0.95__sb_byTime_sbth_1800000__Algo_nsgaii,42,counting_pas,42,7210
simplified-cocome,simplified-cocome__BRF_clone_1.23__moc_1.64__mcnn_1.80__moncnn_1.45__MaxEval_102__ProbPAs_0.95__sb_byTime_sbth_1800000__Algo_nsgaii,42,perfQ,814
simplified-cocome,simplified-cocome__BRF_clone_1.23__moc_1.64__mcnn_1.80__moncnn_1.45__MaxEval_102__ProbPAs_0.95__sb_byTime_sbth_1800000__Algo_nsgaii,reliability,162
simplified-cocome,simplified-cocome__BRF_clone_1.23__moc_1.64__mcnn_1.80__moncnn_1.45__MaxEval_102__ProbPAs_0.95__sb_byTime_sbth_1800000__Algo_nsgaii,43,uml2lqn,2386
NSGA,simplified-cocome__BRF_clone_1.23__moc_1.64__mcnn_1.80__moncnn_1.45__MaxEval_102__ProbPAs_0.95__sb_byTime_sbth_1800000__Algo_nsgaii,43,invoke_solver,191
NSGA,simplified-cocome__BRF_clone_1.23__moc_1.64__mcnn_1.80__moncnn_1.45__MaxEval_102__ProbPAs_0.95__sb_byTime_sbth_1800000__Algo_nsgaii,43,lqn2uml,595
NSGA,simplified-cocome__BRF_clone_1.23__moc_1.64__mcnn_1.80__moncnn_1.45__MaxEval_102__ProbPAs_0.95__sb_byTime_sbth_1800000__Algo_nsgaii,43,counting_pas,43,8243
simplified-cocome,simplified-cocome__BRF_clone_1.23__moc_1.64__mcnn_1.80__moncnn_1.45__MaxEval_102__ProbPAs_0.95__sb_byTime_sbth_1800000__Algo_nsgaii,43,perfQ,807
simplified-cocome,simplified-cocome__BRF_clone_1.23__moc_1.64__mcnn_1.80__moncnn_1.45__MaxEval_102__ProbPAs_0.95__sb_byTime_sbth_1800000__Algo_nsgaii,reliability,161
simplified-cocome,simplified-cocome__BRF_clone_1.23__moc_1.64__mcnn_1.80__moncnn_1.45__MaxEval_102__ProbPAs_0.95__sb_byTime_sbth_1800000__Algo_nsgaii,46,uml2lqn,2647
NSGA,simplified-cocome__BRF_clone_1.23__moc_1.64__mcnn_1.80__moncnn_1.45__MaxEval_102__ProbPAs_0.95__sb_byTime_sbth_1800000__Algo_nsgaii,46,invoke_solver,202
NSGA,simplified-cocome__BRF_clone_1.23__moc_1.64__mcnn_1.80__moncnn_1.45__MaxEval_102__ProbPAs_0.95__sb_byTime_sbth_1800000__Algo_nsgaii,46,lqn2uml,921
NSGA,simplified-cocome__BRF_clone_1.23__moc_1.64__mcnn_1.80__moncnn_1.45__MaxEval_102__ProbPAs_0.95__sb_byTime_sbth_1800000__Algo_nsgaii,46,counting_pas,46,8183
simplified-cocome,simplified-cocome__BRF_clone_1.23__moc_1.64__mcnn_1.80__moncnn_1.45__MaxEval_102__ProbPAs_0.95__sb_byTime_sbth_1800000__Algo_nsgaii,46,perfQ,1129
simplified-cocome,simplified-cocome__BRF_clone_1.23__moc_1.64__mcnn_1.80__moncnn_1.45__MaxEval_102__ProbPAs_0.95__sb_byTime_sbth_1800000__Algo_nsgaii,reliability,153
simplified-cocome,simplified-cocome__BRF_clone_1.23__moc_1.64__mcnn_1.80__moncnn_1.45__MaxEval_102__ProbPAs_0.95__sb_byTime_sbth_1800000__Algo_nsgaii,47,uml2lqn,2384
NSGA,simplified-cocome__BRF_clone_1.23__moc_1.64__mcnn_1.80__moncnn_1.45__MaxEval_102__ProbPAs_0.95__sb_byTime_sbth_1800000__Algo_nsgaii,47,invoke_solver,292
NSGA,simplified-cocome__BRF_clone_1.23__moc_1.64__mcnn_1.80__moncnn_1.45__MaxEval_102__ProbPAs_0.95__sb_byTime_sbth_1800000__Algo_nsgaii,47,lqn2uml,663
NSGA,simplified-cocome__BRF_clone_1.23__moc_1.64__mcnn_1.80__moncnn_1.45__MaxEval_102__ProbPAs_0.95__sb_byTime_sbth_1800000__Algo_nsgaii,47,counting_pas,47,10344
simplified-cocome,simplified-cocome__BRF_clone_1.23__moc_1.64__mcnn_1.80__moncnn_1.45__MaxEval_102__ProbPAs_0.95__sb_byTime_sbth_1800000__Algo_nsgaii,47,perfQ,923
simplified-cocome,simplified-cocome__BRF_clone_1.23__moc_1.64__mcnn_1.80__moncnn_1.45__MaxEval_102__ProbPAs_0.95__sb_byTime_sbth_1800000__Algo_nsgaii,reliability,209
simplified-cocome,simplified-cocome__BRF_clone_1.23__moc_1.64__mcnn_1.80__moncnn_1.45__MaxEval_102__ProbPAs_0.95__sb_byTime_sbth_1800000__Algo_nsgaii,48,uml2lqn,2452
NSGA,simplified-cocome__BRF_clone_1.23__moc_1.64__mcnn_1.80__moncnn_1.45__MaxEval_102__ProbPAs_0.95__sb_byTime_sbth_1800000__Algo_nsgaii,48,invoke_solver,105
NSGA,simplified-cocome__BRF_clone_1.23__moc_1.64__mcnn_1.80__moncnn_1.45__MaxEval_102__ProbPAs_0.95__sb_byTime_sbth_1800000__Algo_nsgaii,48,lqn2uml,1058
NSGA,simplified-cocome__BRF_clone_1.23__moc_1.64__mcnn_1.80__moncnn_1.45__MaxEval_102__ProbPAs_0.95__sb_byTime_sbth_1800000__Algo_nsgaii,48,counting_pas,48,8426
simplified-cocome,simplified-cocome__BRF_clone_1.23__moc_1.64__mcnn_1.80__moncnn_1.45__MaxEval_102__ProbPAs_0.95__sb_byTime_sbth_1800000__Algo_nsgaii,48,perfQ,1020
simplified-cocome,simplified-cocome__BRF_clone_1.23__moc_1.64__mcnn_1.80__moncnn_1.45__MaxEval_102__ProbPAs_0.95__sb_byTime_sbth_1800000__Algo_nsgaii,reliability,211
simplified-cocome,simplified-cocome__BRF_clone_1.23__moc_1.64__mcnn_1.80__moncnn_1.45__MaxEval_102__ProbPAs_0.95__sb_byTime_sbth_1800000__Algo_nsgaii,49,uml2lqn,2555
NSGA,simplified-cocome__BRF_clone_1.23__moc_1.64__mcnn_1.80__moncnn_1.45__MaxEval_102__ProbPAs_0.95__sb_byTime_sbth_1800000__Algo_nsgaii,49,invoke_solver,369
NSGA,simplified-cocome__BRF_clone_1.23__moc_1.64__mcnn_1.80__moncnn_1.45__MaxEval_102__ProbPAs_0.95__sb_byTime_sbth_1800000__Algo_nsgaii,49,lqn2uml,1052
NSGA,simplified-cocome__BRF_clone_1.23__moc_1.64__mcnn_1.80__moncnn_1.45__MaxEval_102__ProbPAs_0.95__sb_byTime_sbth_1800000__Algo_nsgaii,49,counting_pas,49,10277
simplified-cocome,simplified-cocome__BRF_clone_1.23__moc_1.64__mcnn_1.80__moncnn_1.45__MaxEval_102__ProbPAs_0.95__sb_byTime_sbth_1800000__Algo_nsgaii,49,perfQ,822
simplified-cocome,simplified-cocome__BRF_clone_1.23__moc_1.64__mcnn_1.80__moncnn_1.45__MaxEval_102__ProbPAs_0.95__sb_byTime_sbth_1800000__Algo_nsgaii,reliability,206
simplified-cocome,simplified-cocome__BRF_clone_1.23__moc_1.64__mcnn_1.80__moncnn_1.45__MaxEval_102__ProbPAs_0.95__sb_byTime_sbth_1800000__Algo_nsgaii,52,uml2lqn,2679
NSGA,simplified-cocome__BRF_clone_1.23__moc_1.64__mcnn_1.80__moncnn_1.45__MaxEval_102__ProbPAs_0.95__sb_byTime_sbth_1800000__Algo_nsgaii,52,invoke_solver,270
NSGA,simplified-cocome__BRF_clone_1.23__moc_1.64__mcnn_1.80__moncnn_1.45__MaxEval_102__ProbPAs_0.95__sb_byTime_sbth_1800000__Algo_nsgaii,52,lqn2uml,719
NSGA,simplified-cocome__BRF_clone_1.23__moc_1.64__mcnn_1.80__moncnn_1.45__MaxEval_102__ProbPAs_0.95__sb_byTime_sbth_1800000__Algo_nsgaii,52,counting_pas,52,10394
simplified-cocome,simplified-cocome__BRF_clone_1.23__moc_1.64__mcnn_1.80__moncnn_1.45__MaxEval_102__ProbPAs_0.95__sb_byTime_sbth_1800000__Algo_nsgaii,52,perfQ,624
simplified-cocome,simplified-cocome__BRF_clone_1.23__moc_1.64__mcnn_1.80__moncnn_1.45__MaxEval_102__ProbPAs_0.95__sb_byTime_sbth_1800000__Algo_nsgaii,reliability,216
simplified-cocome,simplified-cocome__BRF_clone_1.23__moc_1.64__mcnn_1.80__moncnn_1.45__MaxEval_102__ProbPAs_0.95__sb_byTime_sbth_1800000__Algo_nsgaii,53,uml2lqn,2459
NSGA,simplified-cocome__BRF_clone_1.23__moc_1.64__mcnn_1.80__moncnn_1.45__MaxEval_102__ProbPAs_0.95__sb_byTime_sbth_1800000__Algo_nsgaii,53,invoke_solver,170
NSGA,simplified-cocome__BRF_clone_1.23__moc_1.64__mcnn_1.80__moncnn_1.45__MaxEval_102__ProbPAs_0.95__sb_byTime_sbth_1800000__Algo_nsgaii,53,lqn2uml,647
NSGA,simplified-cocome__BRF_clone_1.23__moc_1.64__mcnn_1.80__moncnn_1.45__MaxEval_102__ProbPAs_0.95__sb_byTime_sbth_1800000__Algo_nsgaii,53,counting_pas,53,8600
simplified-cocome,simplified-cocome__BRF_clone_1.23__moc_1.64__mcnn_1.80__moncnn_1.45__MaxEval_102__ProbPAs_0.95__sb_byTime_sbth_1800000__Algo_nsgaii,53,perfQ,771
simplified-cocome,simplified-cocome__BRF_clone_1.23__moc_1.64__mcnn_1.80__moncnn_1.45__MaxEval_102__ProbPAs_0.95__sb_byTime_sbth_1800000__Algo_nsgaii,reliability,193
simplified-cocome,simplified-cocome__BRF_clone_1.23__moc_1.64__mcnn_1.80__moncnn_1.45__MaxEval_102__ProbPAs_0.95__sb_byTime_sbth_1800000__Algo_nsgaii,54,uml2lqn,2387
NSGA,simplified-cocome__BRF_clone_1.23__moc_1.64__mcnn_1.80__moncnn_1.45__MaxEval_102__ProbPAs_0.95__sb_byTime_sbth_1800000__Algo_nsgaii,54,invoke_solver,326
NSGA,simplified-cocome__BRF_clone_1.23__moc_1.64__mcnn_1.80__moncnn_1.45__MaxEval_102__ProbPAs_0.95__sb_byTime_sbth_1800000__Algo_nsgaii,54,lqn2uml,956
NSGA,simplified-cocome__BRF_clone_1.23__moc_1.64__mcnn_1.80__moncnn_1.45__MaxEval_102__ProbPAs_0.95__sb_byTime_sbth_1800000__Algo_nsgaii,54,counting_pas,54,9644
simplified-cocome,simplified-cocome__BRF_clone_1.23__moc_1.64__mcnn_1.80__moncnn_1.45__MaxEval_102__ProbPAs_0.95__sb_byTime_sbth_1800000__Algo_nsgaii,54,perfQ,831
simplified-cocome,simplified-cocome__BRF_clone_1.23__moc_1.64__mcnn_1.80__moncnn_1.45__MaxEval_102__ProbPAs_0.95__sb_byTime_sbth_1800000__Algo_nsgaii,reliability,150
simplified-cocome,simplified-cocome__BRF_clone_1.23__moc_1.64__mcnn_1.80__moncnn_1.45__MaxEval_102__ProbPAs_0.95__sb_byTime_sbth_1800000__Algo_nsgaii,55,uml2lqn,2729
NSGA,simplified-cocome__BRF_clone_1.23__moc_1.64__mcnn_1.80__moncnn_1.45__MaxEval_102__ProbPAs_0.95__sb_byTime_sbth_1800000__Algo_nsgaii,55,invoke_solver,181
NSGA,simplified-cocome__BRF_clone_1.23__moc_1.64__mcnn_1.80__moncnn_1.45__MaxEval_102__ProbPAs_0.95__sb_byTime_sbth_1800000__Algo_nsgaii,55,lqn2uml,1225
NSGA,simplified-cocome__BRF_clone_1.23__moc_1.64__mcnn_1.80__moncnn_1.45__MaxEval_102__ProbPAs_0.95__sb_byTime_sbth_1800000__Algo_nsgaii,55,counting_pas,55,8305
simplified-cocome,simplified-cocome__BRF_clone_1.23__moc_1.64__mcnn_1.80__moncnn_1.45__MaxEval_102__ProbPAs_0.95__sb_byTime_sbth_1800000__Algo_nsgaii,55,perfQ,1024
simplified-cocome,simplified-cocome__BRF_clone_1.23__moc_1.64__mcnn_1.80__moncnn_1.45__MaxEval_102__ProbPAs_0.95__sb_byTime_sbth_1800000__Algo_nsgaii,reliability,197
simplified-cocome,simplified-cocome__BRF_clone_1.23__moc_1.64__mcnn_1.80__moncnn_1.45__MaxEval_102__ProbPAs_0.95__sb_byTime_sbth_1800000__Algo_nsgaii,58,uml2lqn,2493
NSGA,simplified-cocome__BRF_clone_1.23__moc_1.64__mcnn_1.80__moncnn_1.45__MaxEval_102__ProbPAs_0.95__sb_byTime_sbth_1800000__Algo_nsgaii,58,invoke_solver,246
NSGA,simplified-cocome__BRF_clone_1.23__moc_1.64__mcnn_1.80__moncnn_1.45__MaxEval_102__ProbPAs_0.95__sb_byTime_sbth_1800000__Algo_nsgaii,58,lqn2uml,1104
NSGA,simplified-cocome__BRF_clone_1.23__moc_1.64__mcnn_1.80__moncnn_1.45__MaxEval_102__ProbPAs_0.95__sb_byTime_sbth_1800000__Algo_nsgaii,58,counting_pas,58,11014
simplified-cocome,simplified-cocome__BRF_clone_1.23__moc_1.64__mcnn_1.80__moncnn_1.45__MaxEval_102__ProbPAs_0.95__sb_byTime_sbth_1800000__Algo_nsgaii,58,perfQ,692
simplified-cocome,simplified-cocome__BRF_clone_1.23__moc_1.64__mcnn_1.80__moncnn_1.45__MaxEval_102__ProbPAs_0.95__sb_byTime_sbth_1800000__Algo_nsgaii,reliability,143
simplified-cocome,simplified-cocome__BRF_clone_1.23__moc_1.64__mcnn_1.80__moncnn_1.45__MaxEval_102__ProbPAs_0.95__sb_byTime_sbth_1800000__Algo_nsgaii,59,uml2lqn,2327
NSGA,simplified-cocome__BRF_clone_1.23__moc_1.64__mcnn_1.80__moncnn_1.45__MaxEval_102__ProbPAs_0.95__sb_byTime_sbth_1800000__Algo_nsgaii,59,invoke_solver,137
NSGA,simplified-cocome__BRF_clone_1.23__moc_1.64__mcnn_1.80__moncnn_1.45__MaxEval_102__ProbPAs_0.95__sb_byTime_sbth_1800000__Algo_nsgaii,59,lqn2uml,703
NSGA,simplified-cocome__BRF_clone_1.23__moc_1.64__mcnn_1.80__moncnn_1.45__MaxEval_102__ProbPAs_0.95__sb_byTime_sbth_1800000__Algo_nsgaii,59,counting_pas,59,7708
simplified-cocome,simplified-cocome__BRF_clone_1.23__moc_1.64__mcnn_1.80__moncnn_1.45__MaxEval_102__ProbPAs_0.95__sb_byTime_sbth_1800000__Algo_nsgaii,59,perfQ,1083
simplified-cocome,simplified-cocome__BRF_clone_1.23__moc_1.64__mcnn_1.80__moncnn_1.45__MaxEval_102__ProbPAs_0.95__sb_byTime_sbth_1800000__Algo_nsgaii,reliability,159
simplified-cocome,simplified-cocome__BRF_clone_1.23__moc_1.64__mcnn_1.80__moncnn_1.45__MaxEval_102__ProbPAs_0.95__sb_byTime_sbth_1800000__Algo_nsgaii,62,uml2lqn,2698
NSGA,simplified-cocome__BRF_clone_1.23__moc_1.64__mcnn_1.80__moncnn_1.45__MaxEval_102__ProbPAs_0.95__sb_byTime_sbth_1800000__Algo_nsgaii,62,invoke_solver,72
NSGA,simplified-cocome__BRF_clone_1.23__moc_1.64__mcnn_1.80__moncnn_1.45__MaxEval_102__ProbPAs_0.95__sb_byTime_sbth_1800000__Algo_nsgaii,62,lqn2uml,925
NSGA,simplified-cocome__BRF_clone_1.23__moc_1.64__mcnn_1.80__moncnn_1.45__MaxEval_102__ProbPAs_0.95__sb_byTime_sbth_1800000__Algo_nsgaii,62,counting_pas,62,8992
simplified-cocome,simplified-cocome__BRF_clone_1.23__moc_1.64__mcnn_1.80__moncnn_1.45__MaxEval_102__ProbPAs_0.95__sb_byTime_sbth_1800000__Algo_nsgaii,62,perfQ,680
simplified-cocome,simplified-cocome__BRF_clone_1.23__moc_1.64__mcnn_1.80__moncnn_1.45__MaxEval_102__ProbPAs_0.95__sb_byTime_sbth_1800000__Algo_nsgaii,reliability,188
simplified-cocome,simplified-cocome__BRF_clone_1.23__moc_1.64__mcnn_1.80__moncnn_1.45__MaxEval_102__ProbPAs_0.95__sb_byTime_sbth_1800000__Algo_nsgaii,63,uml2lqn,2886
NSGA,simplified-cocome__BRF_clone_1.23__moc_1.64__mcnn_1.80__moncnn_1.45__MaxEval_102__ProbPAs_0.95__sb_byTime_sbth_1800000__Algo_nsgaii,63,invoke_solver,63
NSGA,simplified-cocome__BRF_clone_1.23__moc_1.64__mcnn_1.80__moncnn_1.45__MaxEval_102__ProbPAs_0.95__sb_byTime_sbth_1800000__Algo_nsgaii,63,lqn2uml,559
NSGA,simplified-cocome__BRF_clone_1.23__moc_1.64__mcnn_1.80__moncnn_1.45__MaxEval_102__ProbPAs_0.95__sb_byTime_sbth_1800000__Algo_nsgaii,63,counting_pas,63,9383
simplified-cocome,simplified-cocome__BRF_clone_1.23__moc_1.64__mcnn_1.80__moncnn_1.45__MaxEval_102__ProbPAs_0.95__sb_byTime_sbth_1800000__Algo_nsgaii,63,perfQ,1176
simplified-cocome,simplified-cocome__BRF_clone_1.23__moc_1.64__mcnn_1.80__moncnn_1.45__MaxEval_102__ProbPAs_0.95__sb_byTime_sbth_1800000__Algo_nsgaii,reliability,163
simplified-cocome,simplified-cocome__BRF_clone_1.23__moc_1.64__mcnn_1.80__moncnn_1.45__MaxEval_102__ProbPAs_0.95__sb_byTime_sbth_1800000__Algo_nsgaii,64,uml2lqn,2388
NSGA,simplified-cocome__BRF_clone_1.23__moc_1.64__mcnn_1.80__moncnn_1.45__MaxEval_102__ProbPAs_0.95__sb_byTime_sbth_1800000__Algo_nsgaii,64,invoke_solver,192
NSGA,simplified-cocome__BRF_clone_1.23__moc_1.64__mcnn_1.80__moncnn_1.45__MaxEval_102__ProbPAs_0.95__sb_byTime_sbth_1800000__Algo_nsgaii,64,lqn2uml,781
NSGA,simplified-cocome__BRF_clone_1.23__moc_1.64__mcnn_1.80__moncnn_1.45__MaxEval_102__ProbPAs_0.95__sb_byTime_sbth_1800000__Algo_nsgaii,64,counting_pas,64,7914
simplified-cocome,simplified-cocome__BRF_clone_1.23__moc_1.64__mcnn_1.80__moncnn_1.45__MaxEval_102__ProbPAs_0.95__sb_byTime_sbth_1800000__Algo_nsgaii,64,perfQ,882
simplified-cocome,simplified-cocome__BRF_clone_1.23__moc_1.64__mcnn_1.80__moncnn_1.45__MaxEval_102__ProbPAs_0.95__sb_byTime_sbth_1800000__Algo_nsgaii,reliability,231
simplified-cocome,simplified-cocome__BRF_clone_1.23__moc_1.64__mcnn_1.80__moncnn_1.45__MaxEval_102__ProbPAs_0.95__sb_byTime_sbth_1800000__Algo_nsgaii,65,uml2lqn,2057
NSGA,simplified-cocome__BRF_clone_1.23__moc_1.64__mcnn_1.80__moncnn_1.45__MaxEval_102__ProbPAs_0.95__sb_byTime_sbth_1800000__Algo_nsgaii,65,invoke_solver,61
NSGA,simplified-cocome__BRF_clone_1.23__moc_1.64__mcnn_1.80__moncnn_1.45__MaxEval_102__ProbPAs_0.95__sb_byTime_sbth_1800000__Algo_nsgaii,65,lqn2uml,572
NSGA,simplified-cocome__BRF_clone_1.23__moc_1.64__mcnn_1.80__moncnn_1.45__MaxEval_102__ProbPAs_0.95__sb_byTime_sbth_1800000__Algo_nsgaii,65,counting_pas,65,7909
simplified-cocome,simplified-cocome__BRF_clone_1.23__moc_1.64__mcnn_1.80__moncnn_1.45__MaxEval_102__ProbPAs_0.95__sb_byTime_sbth_1800000__Algo_nsgaii,65,perfQ,752
simplified-cocome,simplified-cocome__BRF_clone_1.23__moc_1.64__mcnn_1.80__moncnn_1.45__MaxEval_102__ProbPAs_0.95__sb_byTime_sbth_1800000__Algo_nsgaii,reliability,156
simplified-cocome,simplified-cocome__BRF_clone_1.23__moc_1.64__mcnn_1.80__moncnn_1.45__MaxEval_102__ProbPAs_0.95__sb_byTime_sbth_1800000__Algo_nsgaii,68,uml2lqn,2184
NSGA,simplified-cocome__BRF_clone_1.23__moc_1.64__mcnn_1.80__moncnn_1.45__MaxEval_102__ProbPAs_0.95__sb_byTime_sbth_1800000__Algo_nsgaii,68,invoke_solver,78
NSGA,simplified-cocome__BRF_clone_1.23__moc_1.64__mcnn_1.80__moncnn_1.45__MaxEval_102__ProbPAs_0.95__sb_byTime_sbth_1800000__Algo_nsgaii,68,lqn2uml,1093
NSGA,simplified-cocome__BRF_clone_1.23__moc_1.64__mcnn_1.80__moncnn_1.45__MaxEval_102__ProbPAs_0.95__sb_byTime_sbth_1800000__Algo_nsgaii,68,counting_pas,68,6970
simplified-cocome,simplified-cocome__BRF_clone_1.23__moc_1.64__mcnn_1.80__moncnn_1.45__MaxEval_102__ProbPAs_0.95__sb_byTime_sbth_1800000__Algo_nsgaii,68,perfQ,979
simplified-cocome,simplified-cocome__BRF_clone_1.23__moc_1.64__mcnn_1.80__moncnn_1.45__MaxEval_102__ProbPAs_0.95__sb_byTime_sbth_1800000__Algo_nsgaii,reliability,200
simplified-cocome,simplified-cocome__BRF_clone_1.23__moc_1.64__mcnn_1.80__moncnn_1.45__MaxEval_102__ProbPAs_0.95__sb_byTime_sbth_1800000__Algo_nsgaii,69,uml2lqn,2714
NSGA,simplified-cocome__BRF_clone_1.23__moc_1.64__mcnn_1.80__moncnn_1.45__MaxEval_102__ProbPAs_0.95__sb_byTime_sbth_1800000__Algo_nsgaii,69,invoke_solver,36
NSGA,simplified-cocome__BRF_clone_1.23__moc_1.64__mcnn_1.80__moncnn_1.45__MaxEval_102__ProbPAs_0.95__sb_byTime_sbth_1800000__Algo_nsgaii,69,lqn2uml,1438
NSGA,simplified-cocome__BRF_clone_1.23__moc_1.64__mcnn_1.80__moncnn_1.45__MaxEval_102__ProbPAs_0.95__sb_byTime_sbth_1800000__Algo_nsgaii,69,counting_pas,69,8877
simplified-cocome,simplified-cocome__BRF_clone_1.23__moc_1.64__mcnn_1.80__moncnn_1.45__MaxEval_102__ProbPAs_0.95__sb_byTime_sbth_1800000__Algo_nsgaii,69,perfQ,866
simplified-cocome,simplified-cocome__BRF_clone_1.23__moc_1.64__mcnn_1.80__moncnn_1.45__MaxEval_102__ProbPAs_0.95__sb_byTime_sbth_1800000__Algo_nsgaii,reliability,152
simplified-cocome,simplified-cocome__BRF_clone_1.23__moc_1.64__mcnn_1.80__moncnn_1.45__MaxEval_102__ProbPAs_0.95__sb_byTime_sbth_1800000__Algo_nsgaii,72,uml2lqn,2260
NSGA,simplified-cocome__BRF_clone_1.23__moc_1.64__mcnn_1.80__moncnn_1.45__MaxEval_102__ProbPAs_0.95__sb_byTime_sbth_1800000__Algo_nsgaii,72,invoke_solver,96
NSGA,simplified-cocome__BRF_clone_1.23__moc_1.64__mcnn_1.80__moncnn_1.45__MaxEval_102__ProbPAs_0.95__sb_byTime_sbth_1800000__Algo_nsgaii,72,lqn2uml,1321
NSGA,simplified-cocome__BRF_clone_1.23__moc_1.64__mcnn_1.80__moncnn_1.45__MaxEval_102__ProbPAs_0.95__sb_byTime_sbth_1800000__Algo_nsgaii,72,counting_pas,72,8547
simplified-cocome,simplified-cocome__BRF_clone_1.23__moc_1.64__mcnn_1.80__moncnn_1.45__MaxEval_102__ProbPAs_0.95__sb_byTime_sbth_1800000__Algo_nsgaii,72,perfQ,1317
simplified-cocome,simplified-cocome__BRF_clone_1.23__moc_1.64__mcnn_1.80__moncnn_1.45__MaxEval_102__ProbPAs_0.95__sb_byTime_sbth_1800000__Algo_nsgaii,reliability,168
simplified-cocome,simplified-cocome__BRF_clone_1.23__moc_1.64__mcnn_1.80__moncnn_1.45__MaxEval_102__ProbPAs_0.95__sb_byTime_sbth_1800000__Algo_nsgaii,73,uml2lqn,2983
NSGA,simplified-cocome__BRF_clone_1.23__moc_1.64__mcnn_1.80__moncnn_1.45__MaxEval_102__ProbPAs_0.95__sb_byTime_sbth_1800000__Algo_nsgaii,73,invoke_solver,301
NSGA,simplified-cocome__BRF_clone_1.23__moc_1.64__mcnn_1.80__moncnn_1.45__MaxEval_102__ProbPAs_0.95__sb_byTime_sbth_1800000__Algo_nsgaii,73,lqn2uml,1510
NSGA,simplified-cocome__BRF_clone_1.23__moc_1.64__mcnn_1.80__moncnn_1.45__MaxEval_102__ProbPAs_0.95__sb_byTime_sbth_1800000__Algo_nsgaii,73,counting_pas,73,10892
simplified-cocome,simplified-cocome__BRF_clone_1.23__moc_1.64__mcnn_1.80__moncnn_1.45__MaxEval_102__ProbPAs_0.95__sb_byTime_sbth_1800000__Algo_nsgaii,73,perfQ,1041
simplified-cocome,simplified-cocome__BRF_clone_1.23__moc_1.64__mcnn_1.80__moncnn_1.45__MaxEval_102__ProbPAs_0.95__sb_byTime_sbth_1800000__Algo_nsgaii,reliability,264
simplified-cocome,simplified-cocome__BRF_clone_1.23__moc_1.64__mcnn_1.80__moncnn_1.45__MaxEval_102__ProbPAs_0.95__sb_byTime_sbth_1800000__Algo_nsgaii,76,uml2lqn,2899
NSGA,simplified-cocome__BRF_clone_1.23__moc_1.64__mcnn_1.80__moncnn_1.45__MaxEval_102__ProbPAs_0.95__sb_byTime_sbth_1800000__Algo_nsgaii,76,invoke_solver,125
NSGA,simplified-cocome__BRF_clone_1.23__moc_1.64__mcnn_1.80__moncnn_1.45__MaxEval_102__ProbPAs_0.95__sb_byTime_sbth_1800000__Algo_nsgaii,76,lqn2uml,1132
NSGA,simplified-cocome__BRF_clone_1.23__moc_1.64__mcnn_1.80__moncnn_1.45__MaxEval_102__ProbPAs_0.95__sb_byTime_sbth_1800000__Algo_nsgaii,76,counting_pas,76,8339
simplified-cocome,simplified-cocome__BRF_clone_1.23__moc_1.64__mcnn_1.80__moncnn_1.45__MaxEval_102__ProbPAs_0.95__sb_byTime_sbth_1800000__Algo_nsgaii,76,perfQ,1246
simplified-cocome,simplified-cocome__BRF_clone_1.23__moc_1.64__mcnn_1.80__moncnn_1.45__MaxEval_102__ProbPAs_0.95__sb_byTime_sbth_1800000__Algo_nsgaii,reliability,171
simplified-cocome,simplified-cocome__BRF_clone_1.23__moc_1.64__mcnn_1.80__moncnn_1.45__MaxEval_102__ProbPAs_0.95__sb_byTime_sbth_1800000__Algo_nsgaii,77,uml2lqn,3192
NSGA,simplified-cocome__BRF_clone_1.23__moc_1.64__mcnn_1.80__moncnn_1.45__MaxEval_102__ProbPAs_0.95__sb_byTime_sbth_1800000__Algo_nsgaii,77,invoke_solver,115
NSGA,simplified-cocome__BRF_clone_1.23__moc_1.64__mcnn_1.80__moncnn_1.45__MaxEval_102__ProbPAs_0.95__sb_byTime_sbth_1800000__Algo_nsgaii,77,lqn2uml,1403
NSGA,simplified-cocome__BRF_clone_1.23__moc_1.64__mcnn_1.80__moncnn_1.45__MaxEval_102__ProbPAs_0.95__sb_byTime_sbth_1800000__Algo_nsgaii,77,counting_pas,77,8399
simplified-cocome,simplified-cocome__BRF_clone_1.23__moc_1.64__mcnn_1.80__moncnn_1.45__MaxEval_102__ProbPAs_0.95__sb_byTime_sbth_1800000__Algo_nsgaii,77,perfQ,1514
simplified-cocome,simplified-cocome__BRF_clone_1.23__moc_1.64__mcnn_1.80__moncnn_1.45__MaxEval_102__ProbPAs_0.95__sb_byTime_sbth_1800000__Algo_nsgaii,reliability,154
simplified-cocome,simplified-cocome__BRF_clone_1.23__moc_1.64__mcnn_1.80__moncnn_1.45__MaxEval_102__ProbPAs_0.95__sb_byTime_sbth_1800000__Algo_nsgaii,78,uml2lqn,2751
NSGA,simplified-cocome__BRF_clone_1.23__moc_1.64__mcnn_1.80__moncnn_1.45__MaxEval_102__ProbPAs_0.95__sb_byTime_sbth_1800000__Algo_nsgaii,78,invoke_solver,133
NSGA,simplified-cocome__BRF_clone_1.23__moc_1.64__mcnn_1.80__moncnn_1.45__MaxEval_102__ProbPAs_0.95__sb_byTime_sbth_1800000__Algo_nsgaii,78,lqn2uml,1395
NSGA,simplified-cocome__BRF_clone_1.23__moc_1.64__mcnn_1.80__moncnn_1.45__MaxEval_102__ProbPAs_0.95__sb_byTime_sbth_1800000__Algo_nsgaii,78,counting_pas,78,8243
simplified-cocome,simplified-cocome__BRF_clone_1.23__moc_1.64__mcnn_1.80__moncnn_1.45__MaxEval_102__ProbPAs_0.95__sb_byTime_sbth_1800000__Algo_nsgaii,78,perfQ,853
simplified-cocome,simplified-cocome__BRF_clone_1.23__moc_1.64__mcnn_1.80__moncnn_1.45__MaxEval_102__ProbPAs_0.95__sb_byTime_sbth_1800000__Algo_nsgaii,reliability,195
simplified-cocome,simplified-cocome__BRF_clone_1.23__moc_1.64__mcnn_1.80__moncnn_1.45__MaxEval_102__ProbPAs_0.95__sb_byTime_sbth_1800000__Algo_nsgaii,79,uml2lqn,2511
NSGA,simplified-cocome__BRF_clone_1.23__moc_1.64__mcnn_1.80__moncnn_1.45__MaxEval_102__ProbPAs_0.95__sb_byTime_sbth_1800000__Algo_nsgaii,79,invoke_solver,97
NSGA,simplified-cocome__BRF_clone_1.23__moc_1.64__mcnn_1.80__moncnn_1.45__MaxEval_102__ProbPAs_0.95__sb_byTime_sbth_1800000__Algo_nsgaii,79,lqn2uml,1114
NSGA,simplified-cocome__BRF_clone_1.23__moc_1.64__mcnn_1.80__moncnn_1.45__MaxEval_102__ProbPAs_0.95__sb_byTime_sbth_1800000__Algo_nsgaii,79,counting_pas,79,8631
simplified-cocome,simplified-cocome__BRF_clone_1.23__moc_1.64__mcnn_1.80__moncnn_1.45__MaxEval_102__ProbPAs_0.95__sb_byTime_sbth_1800000__Algo_nsgaii,79,perfQ,1006
simplified-cocome,simplified-cocome__BRF_clone_1.23__moc_1.64__mcnn_1.80__moncnn_1.45__MaxEval_102__ProbPAs_0.95__sb_byTime_sbth_1800000__Algo_nsgaii,reliability,176
simplified-cocome,simplified-cocome__BRF_clone_1.23__moc_1.64__mcnn_1.80__moncnn_1.45__MaxEval_102__ProbPAs_0.95__sb_byTime_sbth_1800000__Algo_nsgaii,82,uml2lqn,3364
NSGA,simplified-cocome__BRF_clone_1.23__moc_1.64__mcnn_1.80__moncnn_1.45__MaxEval_102__ProbPAs_0.95__sb_byTime_sbth_1800000__Algo_nsgaii,82,invoke_solver,275
NSGA,simplified-cocome__BRF_clone_1.23__moc_1.64__mcnn_1.80__moncnn_1.45__MaxEval_102__ProbPAs_0.95__sb_byTime_sbth_1800000__Algo_nsgaii,82,lqn2uml,1532
NSGA,simplified-cocome__BRF_clone_1.23__moc_1.64__mcnn_1.80__moncnn_1.45__MaxEval_102__ProbPAs_0.95__sb_byTime_sbth_1800000__Algo_nsgaii,82,counting_pas,82,11033
simplified-cocome,simplified-cocome__BRF_clone_1.23__moc_1.64__mcnn_1.80__moncnn_1.45__MaxEval_102__ProbPAs_0.95__sb_byTime_sbth_1800000__Algo_nsgaii,82,perfQ,1424
simplified-cocome,simplified-cocome__BRF_clone_1.23__moc_1.64__mcnn_1.80__moncnn_1.45__MaxEval_102__ProbPAs_0.95__sb_byTime_sbth_1800000__Algo_nsgaii,reliability,193
simplified-cocome,simplified-cocome__BRF_clone_1.23__moc_1.64__mcnn_1.80__moncnn_1.45__MaxEval_102__ProbPAs_0.95__sb_byTime_sbth_1800000__Algo_nsgaii,83,uml2lqn,2971
NSGA,simplified-cocome__BRF_clone_1.23__moc_1.64__mcnn_1.80__moncnn_1.45__MaxEval_102__ProbPAs_0.95__sb_byTime_sbth_1800000__Algo_nsgaii,83,invoke_solver,155
NSGA,simplified-cocome__BRF_clone_1.23__moc_1.64__mcnn_1.80__moncnn_1.45__MaxEval_102__ProbPAs_0.95__sb_byTime_sbth_1800000__Algo_nsgaii,83,lqn2uml,1232
NSGA,simplified-cocome__BRF_clone_1.23__moc_1.64__mcnn_1.80__moncnn_1.45__MaxEval_102__ProbPAs_0.95__sb_byTime_sbth_1800000__Algo_nsgaii,83,counting_pas,83,8819
simplified-cocome,simplified-cocome__BRF_clone_1.23__moc_1.64__mcnn_1.80__moncnn_1.45__MaxEval_102__ProbPAs_0.95__sb_byTime_sbth_1800000__Algo_nsgaii,83,perfQ,1307
simplified-cocome,simplified-cocome__BRF_clone_1.23__moc_1.64__mcnn_1.80__moncnn_1.45__MaxEval_102__ProbPAs_0.95__sb_byTime_sbth_1800000__Algo_nsgaii,reliability,169
simplified-cocome,simplified-cocome__BRF_clone_1.23__moc_1.64__mcnn_1.80__moncnn_1.45__MaxEval_102__ProbPAs_0.95__sb_byTime_sbth_1800000__Algo_nsgaii,88,uml2lqn,3351
NSGA,simplified-cocome__BRF_clone_1.23__moc_1.64__mcnn_1.80__moncnn_1.45__MaxEval_102__ProbPAs_0.95__sb_byTime_sbth_1800000__Algo_nsgaii,88,invoke_solver,119
NSGA,simplified-cocome__BRF_clone_1.23__moc_1.64__mcnn_1.80__moncnn_1.45__MaxEval_102__ProbPAs_0.95__sb_byTime_sbth_1800000__Algo_nsgaii,88,lqn2uml,1139
NSGA,simplified-cocome__BRF_clone_1.23__moc_1.64__mcnn_1.80__moncnn_1.45__MaxEval_102__ProbPAs_0.95__sb_byTime_sbth_1800000__Algo_nsgaii,88,counting_pas,88,8684
simplified-cocome,simplified-cocome__BRF_clone_1.23__moc_1.64__mcnn_1.80__moncnn_1.45__MaxEval_102__ProbPAs_0.95__sb_byTime_sbth_1800000__Algo_nsgaii,88,perfQ,787
simplified-cocome,simplified-cocome__BRF_clone_1.23__moc_1.64__mcnn_1.80__moncnn_1.45__MaxEval_102__ProbPAs_0.95__sb_byTime_sbth_1800000__Algo_nsgaii,reliability,197
simplified-cocome,simplified-cocome__BRF_clone_1.23__moc_1.64__mcnn_1.80__moncnn_1.45__MaxEval_102__ProbPAs_0.95__sb_byTime_sbth_1800000__Algo_nsgaii,89,uml2lqn,3433
NSGA,simplified-cocome__BRF_clone_1.23__moc_1.64__mcnn_1.80__moncnn_1.45__MaxEval_102__ProbPAs_0.95__sb_byTime_sbth_1800000__Algo_nsgaii,89,invoke_solver,106
NSGA,simplified-cocome__BRF_clone_1.23__moc_1.64__mcnn_1.80__moncnn_1.45__MaxEval_102__ProbPAs_0.95__sb_byTime_sbth_1800000__Algo_nsgaii,89,lqn2uml,1587
NSGA,simplified-cocome__BRF_clone_1.23__moc_1.64__mcnn_1.80__moncnn_1.45__MaxEval_102__ProbPAs_0.95__sb_byTime_sbth_1800000__Algo_nsgaii,89,counting_pas,89,9251
simplified-cocome,simplified-cocome__BRF_clone_1.23__moc_1.64__mcnn_1.80__moncnn_1.45__MaxEval_102__ProbPAs_0.95__sb_byTime_sbth_1800000__Algo_nsgaii,89,perfQ,980
simplified-cocome,simplified-cocome__BRF_clone_1.23__moc_1.64__mcnn_1.80__moncnn_1.45__MaxEval_102__ProbPAs_0.95__sb_byTime_sbth_1800000__Algo_nsgaii,reliability,184
simplified-cocome,simplified-cocome__BRF_clone_1.23__moc_1.64__mcnn_1.80__moncnn_1.45__MaxEval_102__ProbPAs_0.95__sb_byTime_sbth_1800000__Algo_nsgaii,90,uml2lqn,2793
NSGA,simplified-cocome__BRF_clone_1.23__moc_1.64__mcnn_1.80__moncnn_1.45__MaxEval_102__ProbPAs_0.95__sb_byTime_sbth_1800000__Algo_nsgaii,90,invoke_solver,271
NSGA,simplified-cocome__BRF_clone_1.23__moc_1.64__mcnn_1.80__moncnn_1.45__MaxEval_102__ProbPAs_0.95__sb_byTime_sbth_1800000__Algo_nsgaii,90,lqn2uml,1015
NSGA,simplified-cocome__BRF_clone_1.23__moc_1.64__mcnn_1.80__moncnn_1.45__MaxEval_102__ProbPAs_0.95__sb_byTime_sbth_1800000__Algo_nsgaii,90,counting_pas,90,10332
simplified-cocome,simplified-cocome__BRF_clone_1.23__moc_1.64__mcnn_1.80__moncnn_1.45__MaxEval_102__ProbPAs_0.95__sb_byTime_sbth_1800000__Algo_nsgaii,90,perfQ,1081
simplified-cocome,simplified-cocome__BRF_clone_1.23__moc_1.64__mcnn_1.80__moncnn_1.45__MaxEval_102__ProbPAs_0.95__sb_byTime_sbth_1800000__Algo_nsgaii,reliability,201
simplified-cocome,simplified-cocome__BRF_clone_1.23__moc_1.64__mcnn_1.80__moncnn_1.45__MaxEval_102__ProbPAs_0.95__sb_byTime_sbth_1800000__Algo_nsgaii,91,uml2lqn,2976
NSGA,simplified-cocome__BRF_clone_1.23__moc_1.64__mcnn_1.80__moncnn_1.45__MaxEval_102__ProbPAs_0.95__sb_byTime_sbth_1800000__Algo_nsgaii,91,invoke_solver,249
NSGA,simplified-cocome__BRF_clone_1.23__moc_1.64__mcnn_1.80__moncnn_1.45__MaxEval_102__ProbPAs_0.95__sb_byTime_sbth_1800000__Algo_nsgaii,91,lqn2uml,1018
NSGA,simplified-cocome__BRF_clone_1.23__moc_1.64__mcnn_1.80__moncnn_1.45__MaxEval_102__ProbPAs_0.95__sb_byTime_sbth_1800000__Algo_nsgaii,91,counting_pas,91,10878
simplified-cocome,simplified-cocome__BRF_clone_1.23__moc_1.64__mcnn_1.80__moncnn_1.45__MaxEval_102__ProbPAs_0.95__sb_byTime_sbth_1800000__Algo_nsgaii,91,perfQ,955
simplified-cocome,simplified-cocome__BRF_clone_1.23__moc_1.64__mcnn_1.80__moncnn_1.45__MaxEval_102__ProbPAs_0.95__sb_byTime_sbth_1800000__Algo_nsgaii,reliability,169
simplified-cocome,simplified-cocome__BRF_clone_1.23__moc_1.64__mcnn_1.80__moncnn_1.45__MaxEval_102__ProbPAs_0.95__sb_byTime_sbth_1800000__Algo_nsgaii,92,uml2lqn,2726
NSGA,simplified-cocome__BRF_clone_1.23__moc_1.64__mcnn_1.80__moncnn_1.45__MaxEval_102__ProbPAs_0.95__sb_byTime_sbth_1800000__Algo_nsgaii,92,invoke_solver,271
NSGA,simplified-cocome__BRF_clone_1.23__moc_1.64__mcnn_1.80__moncnn_1.45__MaxEval_102__ProbPAs_0.95__sb_byTime_sbth_1800000__Algo_nsgaii,92,lqn2uml,1591
NSGA,simplified-cocome__BRF_clone_1.23__moc_1.64__mcnn_1.80__moncnn_1.45__MaxEval_102__ProbPAs_0.95__sb_byTime_sbth_1800000__Algo_nsgaii,92,counting_pas,92,9884
simplified-cocome,simplified-cocome__BRF_clone_1.23__moc_1.64__mcnn_1.80__moncnn_1.45__MaxEval_102__ProbPAs_0.95__sb_byTime_sbth_1800000__Algo_nsgaii,92,perfQ,1064
simplified-cocome,simplified-cocome__BRF_clone_1.23__moc_1.64__mcnn_1.80__moncnn_1.45__MaxEval_102__ProbPAs_0.95__sb_byTime_sbth_1800000__Algo_nsgaii,reliability,128
simplified-cocome,simplified-cocome__BRF_clone_1.23__moc_1.64__mcnn_1.80__moncnn_1.45__MaxEval_102__ProbPAs_0.95__sb_byTime_sbth_1800000__Algo_nsgaii,93,uml2lqn,2818
NSGA,simplified-cocome__BRF_clone_1.23__moc_1.64__mcnn_1.80__moncnn_1.45__MaxEval_102__ProbPAs_0.95__sb_byTime_sbth_1800000__Algo_nsgaii,93,invoke_solver,71
NSGA,simplified-cocome__BRF_clone_1.23__moc_1.64__mcnn_1.80__moncnn_1.45__MaxEval_102__ProbPAs_0.95__sb_byTime_sbth_1800000__Algo_nsgaii,93,lqn2uml,1083
NSGA,simplified-cocome__BRF_clone_1.23__moc_1.64__mcnn_1.80__moncnn_1.45__MaxEval_102__ProbPAs_0.95__sb_byTime_sbth_1800000__Algo_nsgaii,93,counting_pas,93,7942
simplified-cocome,simplified-cocome__BRF_clone_1.23__moc_1.64__mcnn_1.80__moncnn_1.45__MaxEval_102__ProbPAs_0.95__sb_byTime_sbth_1800000__Algo_nsgaii,93,perfQ,1012
simplified-cocome,simplified-cocome__BRF_clone_1.23__moc_1.64__mcnn_1.80__moncnn_1.45__MaxEval_102__ProbPAs_0.95__sb_byTime_sbth_1800000__Algo_nsgaii,reliability,176
simplified-cocome,simplified-cocome__BRF_clone_1.23__moc_1.64__mcnn_1.80__moncnn_1.45__MaxEval_102__ProbPAs_0.95__sb_byTime_sbth_1800000__Algo_nsgaii,96,uml2lqn,3110
NSGA,simplified-cocome__BRF_clone_1.23__moc_1.64__mcnn_1.80__moncnn_1.45__MaxEval_102__ProbPAs_0.95__sb_byTime_sbth_1800000__Algo_nsgaii,96,invoke_solver,306
NSGA,simplified-cocome__BRF_clone_1.23__moc_1.64__mcnn_1.80__moncnn_1.45__MaxEval_102__ProbPAs_0.95__sb_byTime_sbth_1800000__Algo_nsgaii,96,lqn2uml,1380
NSGA,simplified-cocome__BRF_clone_1.23__moc_1.64__mcnn_1.80__moncnn_1.45__MaxEval_102__ProbPAs_0.95__sb_byTime_sbth_1800000__Algo_nsgaii,96,counting_pas,96,8939
simplified-cocome,simplified-cocome__BRF_clone_1.23__moc_1.64__mcnn_1.80__moncnn_1.45__MaxEval_102__ProbPAs_0.95__sb_byTime_sbth_1800000__Algo_nsgaii,96,perfQ,1044
simplified-cocome,simplified-cocome__BRF_clone_1.23__moc_1.64__mcnn_1.80__moncnn_1.45__MaxEval_102__ProbPAs_0.95__sb_byTime_sbth_1800000__Algo_nsgaii,reliability,139
simplified-cocome,simplified-cocome__BRF_clone_1.23__moc_1.64__mcnn_1.80__moncnn_1.45__MaxEval_102__ProbPAs_0.95__sb_byTime_sbth_1800000__Algo_nsgaii,97,uml2lqn,3537
NSGA,simplified-cocome__BRF_clone_1.23__moc_1.64__mcnn_1.80__moncnn_1.45__MaxEval_102__ProbPAs_0.95__sb_byTime_sbth_1800000__Algo_nsgaii,97,invoke_solver,287
NSGA,simplified-cocome__BRF_clone_1.23__moc_1.64__mcnn_1.80__moncnn_1.45__MaxEval_102__ProbPAs_0.95__sb_byTime_sbth_1800000__Algo_nsgaii,97,lqn2uml,1360
NSGA,simplified-cocome__BRF_clone_1.23__moc_1.64__mcnn_1.80__moncnn_1.45__MaxEval_102__ProbPAs_0.95__sb_byTime_sbth_1800000__Algo_nsgaii,97,counting_pas,97,10375
simplified-cocome,simplified-cocome__BRF_clone_1.23__moc_1.64__mcnn_1.80__moncnn_1.45__MaxEval_102__ProbPAs_0.95__sb_byTime_sbth_1800000__Algo_nsgaii,97,perfQ,1487
simplified-cocome,simplified-cocome__BRF_clone_1.23__moc_1.64__mcnn_1.80__moncnn_1.45__MaxEval_102__ProbPAs_0.95__sb_byTime_sbth_1800000__Algo_nsgaii,reliability,215
simplified-cocome,simplified-cocome__BRF_clone_1.23__moc_1.64__mcnn_1.80__moncnn_1.45__MaxEval_102__ProbPAs_0.95__sb_byTime_sbth_1800000__Algo_nsgaii,100,uml2lqn,3049
NSGA,simplified-cocome__BRF_clone_1.23__moc_1.64__mcnn_1.80__moncnn_1.45__MaxEval_102__ProbPAs_0.95__sb_byTime_sbth_1800000__Algo_nsgaii,100,invoke_solver,110
NSGA,simplified-cocome__BRF_clone_1.23__moc_1.64__mcnn_1.80__moncnn_1.45__MaxEval_102__ProbPAs_0.95__sb_byTime_sbth_1800000__Algo_nsgaii,100,lqn2uml,1637
NSGA,simplified-cocome__BRF_clone_1.23__moc_1.64__mcnn_1.80__moncnn_1.45__MaxEval_102__ProbPAs_0.95__sb_byTime_sbth_1800000__Algo_nsgaii,100,counting_pas,100,8181
simplified-cocome,simplified-cocome__BRF_clone_1.23__moc_1.64__mcnn_1.80__moncnn_1.45__MaxEval_102__ProbPAs_0.95__sb_byTime_sbth_1800000__Algo_nsgaii,100,perfQ,1451
simplified-cocome,simplified-cocome__BRF_clone_1.23__moc_1.64__mcnn_1.80__moncnn_1.45__MaxEval_102__ProbPAs_0.95__sb_byTime_sbth_1800000__Algo_nsgaii,reliability,171
simplified-cocome,simplified-cocome__BRF_clone_1.23__moc_1.64__mcnn_1.80__moncnn_1.45__MaxEval_102__ProbPAs_0.95__sb_byTime_sbth_1800000__Algo_nsgaii,101,uml2lqn,3891
NSGA,simplified-cocome__BRF_clone_1.23__moc_1.64__mcnn_1.80__moncnn_1.45__MaxEval_102__ProbPAs_0.95__sb_byTime_sbth_1800000__Algo_nsgaii,101,invoke_solver,297
NSGA,simplified-cocome__BRF_clone_1.23__moc_1.64__mcnn_1.80__moncnn_1.45__MaxEval_102__ProbPAs_0.95__sb_byTime_sbth_1800000__Algo_nsgaii,101,lqn2uml,1904
NSGA,simplified-cocome__BRF_clone_1.23__moc_1.64__mcnn_1.80__moncnn_1.45__MaxEval_102__ProbPAs_0.95__sb_byTime_sbth_1800000__Algo_nsgaii,101,counting_pas,101,9820
simplified-cocome,simplified-cocome__BRF_clone_1.23__moc_1.64__mcnn_1.80__moncnn_1.45__MaxEval_102__ProbPAs_0.95__sb_byTime_sbth_1800000__Algo_nsgaii,101,perfQ,1802
simplified-cocome,simplified-cocome__BRF_clone_1.23__moc_1.64__mcnn_1.80__moncnn_1.45__MaxEval_102__ProbPAs_0.95__sb_byTime_sbth_1800000__Algo_nsgaii,reliability,178
simplified-cocome,simplified-cocome__BRF_clone_1.23__moc_1.64__mcnn_1.80__moncnn_1.45__MaxEval_102__ProbPAs_0.95__sb_byTime_sbth_1800000__Algo_nsgaii,104,uml2lqn,3418
NSGA,simplified-cocome__BRF_clone_1.23__moc_1.64__mcnn_1.80__moncnn_1.45__MaxEval_102__ProbPAs_0.95__sb_byTime_sbth_1800000__Algo_nsgaii,104,invoke_solver,95
NSGA,simplified-cocome__BRF_clone_1.23__moc_1.64__mcnn_1.80__moncnn_1.45__MaxEval_102__ProbPAs_0.95__sb_byTime_sbth_1800000__Algo_nsgaii,104,lqn2uml,1845
NSGA,simplified-cocome__BRF_clone_1.23__moc_1.64__mcnn_1.80__moncnn_1.45__MaxEval_102__ProbPAs_0.95__sb_byTime_sbth_1800000__Algo_nsgaii,104,counting_pas,104,9889
simplified-cocome,simplified-cocome__BRF_clone_1.23__moc_1.64__mcnn_1.80__moncnn_1.45__MaxEval_102__ProbPAs_0.95__sb_byTime_sbth_1800000__Algo_nsgaii,104,perfQ,1527
simplified-cocome,simplified-cocome__BRF_clone_1.23__moc_1.64__mcnn_1.80__moncnn_1.45__MaxEval_102__ProbPAs_0.95__sb_byTime_sbth_1800000__Algo_nsgaii,reliability,184
simplified-cocome,simplified-cocome__BRF_clone_1.23__moc_1.64__mcnn_1.80__moncnn_1.45__MaxEval_102__ProbPAs_0.95__sb_byTime_sbth_1800000__Algo_nsgaii,105,uml2lqn,4026
NSGA,simplified-cocome__BRF_clone_1.23__moc_1.64__mcnn_1.80__moncnn_1.45__MaxEval_102__ProbPAs_0.95__sb_byTime_sbth_1800000__Algo_nsgaii,105,invoke_solver,328
NSGA,simplified-cocome__BRF_clone_1.23__moc_1.64__mcnn_1.80__moncnn_1.45__MaxEval_102__ProbPAs_0.95__sb_byTime_sbth_1800000__Algo_nsgaii,105,lqn2uml,1615
NSGA,simplified-cocome__BRF_clone_1.23__moc_1.64__mcnn_1.80__moncnn_1.45__MaxEval_102__ProbPAs_0.95__sb_byTime_sbth_1800000__Algo_nsgaii,105,counting_pas,105,9905
simplified-cocome,simplified-cocome__BRF_clone_1.23__moc_1.64__mcnn_1.80__moncnn_1.45__MaxEval_102__ProbPAs_0.95__sb_byTime_sbth_1800000__Algo_nsgaii,105,perfQ,2094
simplified-cocome,simplified-cocome__BRF_clone_1.23__moc_1.64__mcnn_1.80__moncnn_1.45__MaxEval_102__ProbPAs_0.95__sb_byTime_sbth_1800000__Algo_nsgaii,reliability,184
simplified-cocome,simplified-cocome__BRF_clone_1.23__moc_1.64__mcnn_1.80__moncnn_1.45__MaxEval_102__ProbPAs_0.95__sb_byTime_sbth_1800000__Algo_nsgaii,108,uml2lqn,3502
NSGA,simplified-cocome__BRF_clone_1.23__moc_1.64__mcnn_1.80__moncnn_1.45__MaxEval_102__ProbPAs_0.95__sb_byTime_sbth_1800000__Algo_nsgaii,108,invoke_solver,262
NSGA,simplified-cocome__BRF_clone_1.23__moc_1.64__mcnn_1.80__moncnn_1.45__MaxEval_102__ProbPAs_0.95__sb_byTime_sbth_1800000__Algo_nsgaii,108,lqn2uml,1704
NSGA,simplified-cocome__BRF_clone_1.23__moc_1.64__mcnn_1.80__moncnn_1.45__MaxEval_102__ProbPAs_0.95__sb_byTime_sbth_1800000__Algo_nsgaii,108,counting_pas,108,7835
simplified-cocome,simplified-cocome__BRF_clone_1.23__moc_1.64__mcnn_1.80__moncnn_1.45__MaxEval_102__ProbPAs_0.95__sb_byTime_sbth_1800000__Algo_nsgaii,108,perfQ,2014
simplified-cocome,simplified-cocome__BRF_clone_1.23__moc_1.64__mcnn_1.80__moncnn_1.45__MaxEval_102__ProbPAs_0.95__sb_byTime_sbth_1800000__Algo_nsgaii,reliability,200
simplified-cocome,simplified-cocome__BRF_clone_1.23__moc_1.64__mcnn_1.80__moncnn_1.45__MaxEval_102__ProbPAs_0.95__sb_byTime_sbth_1800000__Algo_nsgaii,109,uml2lqn,2811
NSGA,simplified-cocome__BRF_clone_1.23__moc_1.64__mcnn_1.80__moncnn_1.45__MaxEval_102__ProbPAs_0.95__sb_byTime_sbth_1800000__Algo_nsgaii,109,invoke_solver,101
NSGA,simplified-cocome__BRF_clone_1.23__moc_1.64__mcnn_1.80__moncnn_1.45__MaxEval_102__ProbPAs_0.95__sb_byTime_sbth_1800000__Algo_nsgaii,109,lqn2uml,2067
NSGA,simplified-cocome__BRF_clone_1.23__moc_1.64__mcnn_1.80__moncnn_1.45__MaxEval_102__ProbPAs_0.95__sb_byTime_sbth_1800000__Algo_nsgaii,109,counting_pas,109,8893
simplified-cocome,simplified-cocome__BRF_clone_1.23__moc_1.64__mcnn_1.80__moncnn_1.45__MaxEval_102__ProbPAs_0.95__sb_byTime_sbth_1800000__Algo_nsgaii,109,perfQ,2007
simplified-cocome,simplified-cocome__BRF_clone_1.23__moc_1.64__mcnn_1.80__moncnn_1.45__MaxEval_102__ProbPAs_0.95__sb_byTime_sbth_1800000__Algo_nsgaii,reliability,194
simplified-cocome,simplified-cocome__BRF_clone_1.23__moc_1.64__mcnn_1.80__moncnn_1.45__MaxEval_102__ProbPAs_0.95__sb_byTime_sbth_1800000__Algo_nsgaii,112,uml2lqn,2920
NSGA,simplified-cocome__BRF_clone_1.23__moc_1.64__mcnn_1.80__moncnn_1.45__MaxEval_102__ProbPAs_0.95__sb_byTime_sbth_1800000__Algo_nsgaii,112,invoke_solver,141
NSGA,simplified-cocome__BRF_clone_1.23__moc_1.64__mcnn_1.80__moncnn_1.45__MaxEval_102__ProbPAs_0.95__sb_byTime_sbth_1800000__Algo_nsgaii,112,lqn2uml,1280
NSGA,simplified-cocome__BRF_clone_1.23__moc_1.64__mcnn_1.80__moncnn_1.45__MaxEval_102__ProbPAs_0.95__sb_byTime_sbth_1800000__Algo_nsgaii,112,counting_pas,112,8655
simplified-cocome,simplified-cocome__BRF_clone_1.23__moc_1.64__mcnn_1.80__moncnn_1.45__MaxEval_102__ProbPAs_0.95__sb_byTime_sbth_1800000__Algo_nsgaii,112,perfQ,1588
simplified-cocome,simplified-cocome__BRF_clone_1.23__moc_1.64__mcnn_1.80__moncnn_1.45__MaxEval_102__ProbPAs_0.95__sb_byTime_sbth_1800000__Algo_nsgaii,reliability,252
simplified-cocome,simplified-cocome__BRF_clone_1.23__moc_1.64__mcnn_1.80__moncnn_1.45__MaxEval_102__ProbPAs_0.95__sb_byTime_sbth_1800000__Algo_nsgaii,113,uml2lqn,3310
NSGA,simplified-cocome__BRF_clone_1.23__moc_1.64__mcnn_1.80__moncnn_1.45__MaxEval_102__ProbPAs_0.95__sb_byTime_sbth_1800000__Algo_nsgaii,113,invoke_solver,96
NSGA,simplified-cocome__BRF_clone_1.23__moc_1.64__mcnn_1.80__moncnn_1.45__MaxEval_102__ProbPAs_0.95__sb_byTime_sbth_1800000__Algo_nsgaii,113,lqn2uml,1339
NSGA,simplified-cocome__BRF_clone_1.23__moc_1.64__mcnn_1.80__moncnn_1.45__MaxEval_102__ProbPAs_0.95__sb_byTime_sbth_1800000__Algo_nsgaii,113,counting_pas,113,8807
simplified-cocome,simplified-cocome__BRF_clone_1.23__moc_1.64__mcnn_1.80__moncnn_1.45__MaxEval_102__ProbPAs_0.95__sb_byTime_sbth_1800000__Algo_nsgaii,113,perfQ,1812
simplified-cocome,simplified-cocome__BRF_clone_1.23__moc_1.64__mcnn_1.80__moncnn_1.45__MaxEval_102__ProbPAs_0.95__sb_byTime_sbth_1800000__Algo_nsgaii,reliability,165
simplified-cocome,simplified-cocome__BRF_clone_1.23__moc_1.64__mcnn_1.80__moncnn_1.45__MaxEval_102__ProbPAs_0.95__sb_byTime_sbth_1800000__Algo_nsgaii,116,uml2lqn,3156
NSGA,simplified-cocome__BRF_clone_1.23__moc_1.64__mcnn_1.80__moncnn_1.45__MaxEval_102__ProbPAs_0.95__sb_byTime_sbth_1800000__Algo_nsgaii,116,invoke_solver,346
NSGA,simplified-cocome__BRF_clone_1.23__moc_1.64__mcnn_1.80__moncnn_1.45__MaxEval_102__ProbPAs_0.95__sb_byTime_sbth_1800000__Algo_nsgaii,116,lqn2uml,1352
NSGA,simplified-cocome__BRF_clone_1.23__moc_1.64__mcnn_1.80__moncnn_1.45__MaxEval_102__ProbPAs_0.95__sb_byTime_sbth_1800000__Algo_nsgaii,116,counting_pas,116,9585
simplified-cocome,simplified-cocome__BRF_clone_1.23__moc_1.64__mcnn_1.80__moncnn_1.45__MaxEval_102__ProbPAs_0.95__sb_byTime_sbth_1800000__Algo_nsgaii,116,perfQ,2076
simplified-cocome,simplified-cocome__BRF_clone_1.23__moc_1.64__mcnn_1.80__moncnn_1.45__MaxEval_102__ProbPAs_0.95__sb_byTime_sbth_1800000__Algo_nsgaii,reliability,162
simplified-cocome,simplified-cocome__BRF_clone_1.23__moc_1.64__mcnn_1.80__moncnn_1.45__MaxEval_102__ProbPAs_0.95__sb_byTime_sbth_1800000__Algo_nsgaii,117,uml2lqn,2855
NSGA,simplified-cocome__BRF_clone_1.23__moc_1.64__mcnn_1.80__moncnn_1.45__MaxEval_102__ProbPAs_0.95__sb_byTime_sbth_1800000__Algo_nsgaii,117,invoke_solver,118
NSGA,simplified-cocome__BRF_clone_1.23__moc_1.64__mcnn_1.80__moncnn_1.45__MaxEval_102__ProbPAs_0.95__sb_byTime_sbth_1800000__Algo_nsgaii,117,lqn2uml,1111
NSGA,simplified-cocome__BRF_clone_1.23__moc_1.64__mcnn_1.80__moncnn_1.45__MaxEval_102__ProbPAs_0.95__sb_byTime_sbth_1800000__Algo_nsgaii,117,counting_pas,117,8379
simplified-cocome,simplified-cocome__BRF_clone_1.23__moc_1.64__mcnn_1.80__moncnn_1.45__MaxEval_102__ProbPAs_0.95__sb_byTime_sbth_1800000__Algo_nsgaii,117,perfQ,1876
simplified-cocome,simplified-cocome__BRF_clone_1.23__moc_1.64__mcnn_1.80__moncnn_1.45__MaxEval_102__ProbPAs_0.95__sb_byTime_sbth_1800000__Algo_nsgaii,reliability,317
simplified-cocome,simplified-cocome__BRF_clone_1.23__moc_1.64__mcnn_1.80__moncnn_1.45__MaxEval_102__ProbPAs_0.95__sb_byTime_sbth_1800000__Algo_nsgaii,120,uml2lqn,2993
NSGA,simplified-cocome__BRF_clone_1.23__moc_1.64__mcnn_1.80__moncnn_1.45__MaxEval_102__ProbPAs_0.95__sb_byTime_sbth_1800000__Algo_nsgaii,120,invoke_solver,132
NSGA,simplified-cocome__BRF_clone_1.23__moc_1.64__mcnn_1.80__moncnn_1.45__MaxEval_102__ProbPAs_0.95__sb_byTime_sbth_1800000__Algo_nsgaii,120,lqn2uml,1295
NSGA,simplified-cocome__BRF_clone_1.23__moc_1.64__mcnn_1.80__moncnn_1.45__MaxEval_102__ProbPAs_0.95__sb_byTime_sbth_1800000__Algo_nsgaii,120,counting_pas,120,9653
simplified-cocome,simplified-cocome__BRF_clone_1.23__moc_1.64__mcnn_1.80__moncnn_1.45__MaxEval_102__ProbPAs_0.95__sb_byTime_sbth_1800000__Algo_nsgaii,120,perfQ,1621
simplified-cocome,simplified-cocome__BRF_clone_1.23__moc_1.64__mcnn_1.80__moncnn_1.45__MaxEval_102__ProbPAs_0.95__sb_byTime_sbth_1800000__Algo_nsgaii,reliability,201
simplified-cocome,simplified-cocome__BRF_clone_1.23__moc_1.64__mcnn_1.80__moncnn_1.45__MaxEval_102__ProbPAs_0.95__sb_byTime_sbth_1800000__Algo_nsgaii,121,uml2lqn,2683
NSGA,simplified-cocome__BRF_clone_1.23__moc_1.64__mcnn_1.80__moncnn_1.45__MaxEval_102__ProbPAs_0.95__sb_byTime_sbth_1800000__Algo_nsgaii,121,invoke_solver,262
NSGA,simplified-cocome__BRF_clone_1.23__moc_1.64__mcnn_1.80__moncnn_1.45__MaxEval_102__ProbPAs_0.95__sb_byTime_sbth_1800000__Algo_nsgaii,121,lqn2uml,1209
NSGA,simplified-cocome__BRF_clone_1.23__moc_1.64__mcnn_1.80__moncnn_1.45__MaxEval_102__ProbPAs_0.95__sb_byTime_sbth_1800000__Algo_nsgaii,121,counting_pas,121,8718
simplified-cocome,simplified-cocome__BRF_clone_1.23__moc_1.64__mcnn_1.80__moncnn_1.45__MaxEval_102__ProbPAs_0.95__sb_byTime_sbth_1800000__Algo_nsgaii,121,perfQ,1510
simplified-cocome,simplified-cocome__BRF_clone_1.23__moc_1.64__mcnn_1.80__moncnn_1.45__MaxEval_102__ProbPAs_0.95__sb_byTime_sbth_1800000__Algo_nsgaii,reliability,149
simplified-cocome,simplified-cocome__BRF_clone_1.23__moc_1.64__mcnn_1.80__moncnn_1.45__MaxEval_102__ProbPAs_0.95__sb_byTime_sbth_1800000__Algo_nsgaii,124,uml2lqn,2435
NSGA,simplified-cocome__BRF_clone_1.23__moc_1.64__mcnn_1.80__moncnn_1.45__MaxEval_102__ProbPAs_0.95__sb_byTime_sbth_1800000__Algo_nsgaii,124,invoke_solver,70
NSGA,simplified-cocome__BRF_clone_1.23__moc_1.64__mcnn_1.80__moncnn_1.45__MaxEval_102__ProbPAs_0.95__sb_byTime_sbth_1800000__Algo_nsgaii,124,lqn2uml,841
NSGA,simplified-cocome__BRF_clone_1.23__moc_1.64__mcnn_1.80__moncnn_1.45__MaxEval_102__ProbPAs_0.95__sb_byTime_sbth_1800000__Algo_nsgaii,124,counting_pas,124,8633
simplified-cocome,simplified-cocome__BRF_clone_1.23__moc_1.64__mcnn_1.80__moncnn_1.45__MaxEval_102__ProbPAs_0.95__sb_byTime_sbth_1800000__Algo_nsgaii,124,perfQ,1495
simplified-cocome,simplified-cocome__BRF_clone_1.23__moc_1.64__mcnn_1.80__moncnn_1.45__MaxEval_102__ProbPAs_0.95__sb_byTime_sbth_1800000__Algo_nsgaii,reliability,160
simplified-cocome,simplified-cocome__BRF_clone_1.23__moc_1.64__mcnn_1.80__moncnn_1.45__MaxEval_102__ProbPAs_0.95__sb_byTime_sbth_1800000__Algo_nsgaii,125,uml2lqn,2661
NSGA,simplified-cocome__BRF_clone_1.23__moc_1.64__mcnn_1.80__moncnn_1.45__MaxEval_102__ProbPAs_0.95__sb_byTime_sbth_1800000__Algo_nsgaii,125,invoke_solver,93
NSGA,simplified-cocome__BRF_clone_1.23__moc_1.64__mcnn_1.80__moncnn_1.45__MaxEval_102__ProbPAs_0.95__sb_byTime_sbth_1800000__Algo_nsgaii,125,lqn2uml,1162
NSGA,simplified-cocome__BRF_clone_1.23__moc_1.64__mcnn_1.80__moncnn_1.45__MaxEval_102__ProbPAs_0.95__sb_byTime_sbth_1800000__Algo_nsgaii,125,counting_pas,125,8428
simplified-cocome,simplified-cocome__BRF_clone_1.23__moc_1.64__mcnn_1.80__moncnn_1.45__MaxEval_102__ProbPAs_0.95__sb_byTime_sbth_1800000__Algo_nsgaii,125,perfQ,1374
simplified-cocome,simplified-cocome__BRF_clone_1.23__moc_1.64__mcnn_1.80__moncnn_1.45__MaxEval_102__ProbPAs_0.95__sb_byTime_sbth_1800000__Algo_nsgaii,reliability,183
simplified-cocome,simplified-cocome__BRF_clone_1.23__moc_1.64__mcnn_1.80__moncnn_1.45__MaxEval_102__ProbPAs_0.95__sb_byTime_sbth_1800000__Algo_nsgaii,126,uml2lqn,4294
NSGA,simplified-cocome__BRF_clone_1.23__moc_1.64__mcnn_1.80__moncnn_1.45__MaxEval_102__ProbPAs_0.95__sb_byTime_sbth_1800000__Algo_nsgaii,126,invoke_solver,130
NSGA,simplified-cocome__BRF_clone_1.23__moc_1.64__mcnn_1.80__moncnn_1.45__MaxEval_102__ProbPAs_0.95__sb_byTime_sbth_1800000__Algo_nsgaii,126,lqn2uml,2012
NSGA,simplified-cocome__BRF_clone_1.23__moc_1.64__mcnn_1.80__moncnn_1.45__MaxEval_102__ProbPAs_0.95__sb_byTime_sbth_1800000__Algo_nsgaii,126,counting_pas,126,7485
simplified-cocome,simplified-cocome__BRF_clone_1.23__moc_1.64__mcnn_1.80__moncnn_1.45__MaxEval_102__ProbPAs_0.95__sb_byTime_sbth_1800000__Algo_nsgaii,126,perfQ,1395
simplified-cocome,simplified-cocome__BRF_clone_1.23__moc_1.64__mcnn_1.80__moncnn_1.45__MaxEval_102__ProbPAs_0.95__sb_byTime_sbth_1800000__Algo_nsgaii,reliability,204
simplified-cocome,simplified-cocome__BRF_clone_1.23__moc_1.64__mcnn_1.80__moncnn_1.45__MaxEval_102__ProbPAs_0.95__sb_byTime_sbth_1800000__Algo_nsgaii,127,uml2lqn,3296
NSGA,simplified-cocome__BRF_clone_1.23__moc_1.64__mcnn_1.80__moncnn_1.45__MaxEval_102__ProbPAs_0.95__sb_byTime_sbth_1800000__Algo_nsgaii,127,invoke_solver,233
NSGA,simplified-cocome__BRF_clone_1.23__moc_1.64__mcnn_1.80__moncnn_1.45__MaxEval_102__ProbPAs_0.95__sb_byTime_sbth_1800000__Algo_nsgaii,127,lqn2uml,1839
NSGA,simplified-cocome__BRF_clone_1.23__moc_1.64__mcnn_1.80__moncnn_1.45__MaxEval_102__ProbPAs_0.95__sb_byTime_sbth_1800000__Algo_nsgaii,127,counting_pas,127,8032
simplified-cocome,simplified-cocome__BRF_clone_1.23__moc_1.64__mcnn_1.80__moncnn_1.45__MaxEval_102__ProbPAs_0.95__sb_byTime_sbth_1800000__Algo_nsgaii,127,perfQ,1116
simplified-cocome,simplified-cocome__BRF_clone_1.23__moc_1.64__mcnn_1.80__moncnn_1.45__MaxEval_102__ProbPAs_0.95__sb_byTime_sbth_1800000__Algo_nsgaii,reliability,151
simplified-cocome,simplified-cocome__BRF_clone_1.23__moc_1.64__mcnn_1.80__moncnn_1.45__MaxEval_102__ProbPAs_0.95__sb_byTime_sbth_1800000__Algo_nsgaii,130,uml2lqn,4044
NSGA,simplified-cocome__BRF_clone_1.23__moc_1.64__mcnn_1.80__moncnn_1.45__MaxEval_102__ProbPAs_0.95__sb_byTime_sbth_1800000__Algo_nsgaii,130,invoke_solver,297
NSGA,simplified-cocome__BRF_clone_1.23__moc_1.64__mcnn_1.80__moncnn_1.45__MaxEval_102__ProbPAs_0.95__sb_byTime_sbth_1800000__Algo_nsgaii,130,lqn2uml,1882
NSGA,simplified-cocome__BRF_clone_1.23__moc_1.64__mcnn_1.80__moncnn_1.45__MaxEval_102__ProbPAs_0.95__sb_byTime_sbth_1800000__Algo_nsgaii,130,counting_pas,130,9960
simplified-cocome,simplified-cocome__BRF_clone_1.23__moc_1.64__mcnn_1.80__moncnn_1.45__MaxEval_102__ProbPAs_0.95__sb_byTime_sbth_1800000__Algo_nsgaii,130,perfQ,1791
simplified-cocome,simplified-cocome__BRF_clone_1.23__moc_1.64__mcnn_1.80__moncnn_1.45__MaxEval_102__ProbPAs_0.95__sb_byTime_sbth_1800000__Algo_nsgaii,reliability,188
simplified-cocome,simplified-cocome__BRF_clone_1.23__moc_1.64__mcnn_1.80__moncnn_1.45__MaxEval_102__ProbPAs_0.95__sb_byTime_sbth_1800000__Algo_nsgaii,131,uml2lqn,4334
NSGA,simplified-cocome__BRF_clone_1.23__moc_1.64__mcnn_1.80__moncnn_1.45__MaxEval_102__ProbPAs_0.95__sb_byTime_sbth_1800000__Algo_nsgaii,131,invoke_solver,216
NSGA,simplified-cocome__BRF_clone_1.23__moc_1.64__mcnn_1.80__moncnn_1.45__MaxEval_102__ProbPAs_0.95__sb_byTime_sbth_1800000__Algo_nsgaii,131,lqn2uml,2017
NSGA,simplified-cocome__BRF_clone_1.23__moc_1.64__mcnn_1.80__moncnn_1.45__MaxEval_102__ProbPAs_0.95__sb_byTime_sbth_1800000__Algo_nsgaii,131,counting_pas,131,8822
simplified-cocome,simplified-cocome__BRF_clone_1.23__moc_1.64__mcnn_1.80__moncnn_1.45__MaxEval_102__ProbPAs_0.95__sb_byTime_sbth_1800000__Algo_nsgaii,131,perfQ,1941
simplified-cocome,simplified-cocome__BRF_clone_1.23__moc_1.64__mcnn_1.80__moncnn_1.45__MaxEval_102__ProbPAs_0.95__sb_byTime_sbth_1800000__Algo_nsgaii,reliability,167
simplified-cocome,simplified-cocome__BRF_clone_1.23__moc_1.64__mcnn_1.80__moncnn_1.45__MaxEval_102__ProbPAs_0.95__sb_byTime_sbth_1800000__Algo_nsgaii,134,uml2lqn,3744
NSGA,simplified-cocome__BRF_clone_1.23__moc_1.64__mcnn_1.80__moncnn_1.45__MaxEval_102__ProbPAs_0.95__sb_byTime_sbth_1800000__Algo_nsgaii,134,invoke_solver,71
NSGA,simplified-cocome__BRF_clone_1.23__moc_1.64__mcnn_1.80__moncnn_1.45__MaxEval_102__ProbPAs_0.95__sb_byTime_sbth_1800000__Algo_nsgaii,134,lqn2uml,2393
NSGA,simplified-cocome__BRF_clone_1.23__moc_1.64__mcnn_1.80__moncnn_1.45__MaxEval_102__ProbPAs_0.95__sb_byTime_sbth_1800000__Algo_nsgaii,134,counting_pas,134,8961
simplified-cocome,simplified-cocome__BRF_clone_1.23__moc_1.64__mcnn_1.80__moncnn_1.45__MaxEval_102__ProbPAs_0.95__sb_byTime_sbth_1800000__Algo_nsgaii,134,perfQ,1790
simplified-cocome,simplified-cocome__BRF_clone_1.23__moc_1.64__mcnn_1.80__moncnn_1.45__MaxEval_102__ProbPAs_0.95__sb_byTime_sbth_1800000__Algo_nsgaii,reliability,243
simplified-cocome,simplified-cocome__BRF_clone_1.23__moc_1.64__mcnn_1.80__moncnn_1.45__MaxEval_102__ProbPAs_0.95__sb_byTime_sbth_1800000__Algo_nsgaii,135,uml2lqn,4287
NSGA,simplified-cocome__BRF_clone_1.23__moc_1.64__mcnn_1.80__moncnn_1.45__MaxEval_102__ProbPAs_0.95__sb_byTime_sbth_1800000__Algo_nsgaii,135,invoke_solver,271
NSGA,simplified-cocome__BRF_clone_1.23__moc_1.64__mcnn_1.80__moncnn_1.45__MaxEval_102__ProbPAs_0.95__sb_byTime_sbth_1800000__Algo_nsgaii,135,lqn2uml,2262
NSGA,simplified-cocome__BRF_clone_1.23__moc_1.64__mcnn_1.80__moncnn_1.45__MaxEval_102__ProbPAs_0.95__sb_byTime_sbth_1800000__Algo_nsgaii,135,counting_pas,135,9820
simplified-cocome,simplified-cocome__BRF_clone_1.23__moc_1.64__mcnn_1.80__moncnn_1.45__MaxEval_102__ProbPAs_0.95__sb_byTime_sbth_1800000__Algo_nsgaii,135,perfQ,2087
simplified-cocome,simplified-cocome__BRF_clone_1.23__moc_1.64__mcnn_1.80__moncnn_1.45__MaxEval_102__ProbPAs_0.95__sb_byTime_sbth_1800000__Algo_nsgaii,reliability,206
simplified-cocome,simplified-cocome__BRF_clone_1.23__moc_1.64__mcnn_1.80__moncnn_1.45__MaxEval_102__ProbPAs_0.95__sb_byTime_sbth_1800000__Algo_nsgaii,138,uml2lqn,3498
NSGA,simplified-cocome__BRF_clone_1.23__moc_1.64__mcnn_1.80__moncnn_1.45__MaxEval_102__ProbPAs_0.95__sb_byTime_sbth_1800000__Algo_nsgaii,138,invoke_solver,123
NSGA,simplified-cocome__BRF_clone_1.23__moc_1.64__mcnn_1.80__moncnn_1.45__MaxEval_102__ProbPAs_0.95__sb_byTime_sbth_1800000__Algo_nsgaii,138,lqn2uml,1971
NSGA,simplified-cocome__BRF_clone_1.23__moc_1.64__mcnn_1.80__moncnn_1.45__MaxEval_102__ProbPAs_0.95__sb_byTime_sbth_1800000__Algo_nsgaii,138,counting_pas,138,7904
simplified-cocome,simplified-cocome__BRF_clone_1.23__moc_1.64__mcnn_1.80__moncnn_1.45__MaxEval_102__ProbPAs_0.95__sb_byTime_sbth_1800000__Algo_nsgaii,138,perfQ,1691
simplified-cocome,simplified-cocome__BRF_clone_1.23__moc_1.64__mcnn_1.80__moncnn_1.45__MaxEval_102__ProbPAs_0.95__sb_byTime_sbth_1800000__Algo_nsgaii,reliability,216
simplified-cocome,simplified-cocome__BRF_clone_1.23__moc_1.64__mcnn_1.80__moncnn_1.45__MaxEval_102__ProbPAs_0.95__sb_byTime_sbth_1800000__Algo_nsgaii,139,uml2lqn,4338
NSGA,simplified-cocome__BRF_clone_1.23__moc_1.64__mcnn_1.80__moncnn_1.45__MaxEval_102__ProbPAs_0.95__sb_byTime_sbth_1800000__Algo_nsgaii,139,invoke_solver,310
NSGA,simplified-cocome__BRF_clone_1.23__moc_1.64__mcnn_1.80__moncnn_1.45__MaxEval_102__ProbPAs_0.95__sb_byTime_sbth_1800000__Algo_nsgaii,139,lqn2uml,1465
NSGA,simplified-cocome__BRF_clone_1.23__moc_1.64__mcnn_1.80__moncnn_1.45__MaxEval_102__ProbPAs_0.95__sb_byTime_sbth_1800000__Algo_nsgaii,139,counting_pas,139,10356
simplified-cocome,simplified-cocome__BRF_clone_1.23__moc_1.64__mcnn_1.80__moncnn_1.45__MaxEval_102__ProbPAs_0.95__sb_byTime_sbth_1800000__Algo_nsgaii,139,perfQ,1787
simplified-cocome,simplified-cocome__BRF_clone_1.23__moc_1.64__mcnn_1.80__moncnn_1.45__MaxEval_102__ProbPAs_0.95__sb_byTime_sbth_1800000__Algo_nsgaii,reliability,171
simplified-cocome,simplified-cocome__BRF_clone_1.23__moc_1.64__mcnn_1.80__moncnn_1.45__MaxEval_102__ProbPAs_0.95__sb_byTime_sbth_1800000__Algo_nsgaii,142,uml2lqn,4349
NSGA,simplified-cocome__BRF_clone_1.23__moc_1.64__mcnn_1.80__moncnn_1.45__MaxEval_102__ProbPAs_0.95__sb_byTime_sbth_1800000__Algo_nsgaii,142,invoke_solver,92
NSGA,simplified-cocome__BRF_clone_1.23__moc_1.64__mcnn_1.80__moncnn_1.45__MaxEval_102__ProbPAs_0.95__sb_byTime_sbth_1800000__Algo_nsgaii,142,lqn2uml,1659
NSGA,simplified-cocome__BRF_clone_1.23__moc_1.64__mcnn_1.80__moncnn_1.45__MaxEval_102__ProbPAs_0.95__sb_byTime_sbth_1800000__Algo_nsgaii,142,counting_pas,142,8427
simplified-cocome,simplified-cocome__BRF_clone_1.23__moc_1.64__mcnn_1.80__moncnn_1.45__MaxEval_102__ProbPAs_0.95__sb_byTime_sbth_1800000__Algo_nsgaii,142,perfQ,1851
simplified-cocome,simplified-cocome__BRF_clone_1.23__moc_1.64__mcnn_1.80__moncnn_1.45__MaxEval_102__ProbPAs_0.95__sb_byTime_sbth_1800000__Algo_nsgaii,reliability,198
simplified-cocome,simplified-cocome__BRF_clone_1.23__moc_1.64__mcnn_1.80__moncnn_1.45__MaxEval_102__ProbPAs_0.95__sb_byTime_sbth_1800000__Algo_nsgaii,143,uml2lqn,3670
NSGA,simplified-cocome__BRF_clone_1.23__moc_1.64__mcnn_1.80__moncnn_1.45__MaxEval_102__ProbPAs_0.95__sb_byTime_sbth_1800000__Algo_nsgaii,143,invoke_solver,132
NSGA,simplified-cocome__BRF_clone_1.23__moc_1.64__mcnn_1.80__moncnn_1.45__MaxEval_102__ProbPAs_0.95__sb_byTime_sbth_1800000__Algo_nsgaii,143,lqn2uml,2070
NSGA,simplified-cocome__BRF_clone_1.23__moc_1.64__mcnn_1.80__moncnn_1.45__MaxEval_102__ProbPAs_0.95__sb_byTime_sbth_1800000__Algo_nsgaii,143,counting_pas,143,8408
simplified-cocome,simplified-cocome__BRF_clone_1.23__moc_1.64__mcnn_1.80__moncnn_1.45__MaxEval_102__ProbPAs_0.95__sb_byTime_sbth_1800000__Algo_nsgaii,143,perfQ,1650
simplified-cocome,simplified-cocome__BRF_clone_1.23__moc_1.64__mcnn_1.80__moncnn_1.45__MaxEval_102__ProbPAs_0.95__sb_byTime_sbth_1800000__Algo_nsgaii,reliability,198
simplified-cocome,simplified-cocome__BRF_clone_1.23__moc_1.64__mcnn_1.80__moncnn_1.45__MaxEval_102__ProbPAs_0.95__sb_byTime_sbth_1800000__Algo_nsgaii,146,uml2lqn,3472
NSGA,simplified-cocome__BRF_clone_1.23__moc_1.64__mcnn_1.80__moncnn_1.45__MaxEval_102__ProbPAs_0.95__sb_byTime_sbth_1800000__Algo_nsgaii,146,invoke_solver,199
NSGA,simplified-cocome__BRF_clone_1.23__moc_1.64__mcnn_1.80__moncnn_1.45__MaxEval_102__ProbPAs_0.95__sb_byTime_sbth_1800000__Algo_nsgaii,146,lqn2uml,1885
NSGA,simplified-cocome__BRF_clone_1.23__moc_1.64__mcnn_1.80__moncnn_1.45__MaxEval_102__ProbPAs_0.95__sb_byTime_sbth_1800000__Algo_nsgaii,146,counting_pas,146,7665
simplified-cocome,simplified-cocome__BRF_clone_1.23__moc_1.64__mcnn_1.80__moncnn_1.45__MaxEval_102__ProbPAs_0.95__sb_byTime_sbth_1800000__Algo_nsgaii,146,perfQ,1913
simplified-cocome,simplified-cocome__BRF_clone_1.23__moc_1.64__mcnn_1.80__moncnn_1.45__MaxEval_102__ProbPAs_0.95__sb_byTime_sbth_1800000__Algo_nsgaii,reliability,148
simplified-cocome,simplified-cocome__BRF_clone_1.23__moc_1.64__mcnn_1.80__moncnn_1.45__MaxEval_102__ProbPAs_0.95__sb_byTime_sbth_1800000__Algo_nsgaii,147,uml2lqn,3199
NSGA,simplified-cocome__BRF_clone_1.23__moc_1.64__mcnn_1.80__moncnn_1.45__MaxEval_102__ProbPAs_0.95__sb_byTime_sbth_1800000__Algo_nsgaii,147,invoke_solver,328
NSGA,simplified-cocome__BRF_clone_1.23__moc_1.64__mcnn_1.80__moncnn_1.45__MaxEval_102__ProbPAs_0.95__sb_byTime_sbth_1800000__Algo_nsgaii,147,lqn2uml,1801
NSGA,simplified-cocome__BRF_clone_1.23__moc_1.64__mcnn_1.80__moncnn_1.45__MaxEval_102__ProbPAs_0.95__sb_byTime_sbth_1800000__Algo_nsgaii,147,counting_pas,147,9326
simplified-cocome,simplified-cocome__BRF_clone_1.23__moc_1.64__mcnn_1.80__moncnn_1.45__MaxEval_102__ProbPAs_0.95__sb_byTime_sbth_1800000__Algo_nsgaii,147,perfQ,2001
simplified-cocome,simplified-cocome__BRF_clone_1.23__moc_1.64__mcnn_1.80__moncnn_1.45__MaxEval_102__ProbPAs_0.95__sb_byTime_sbth_1800000__Algo_nsgaii,reliability,230
simplified-cocome,simplified-cocome__BRF_clone_1.23__moc_1.64__mcnn_1.80__moncnn_1.45__MaxEval_102__ProbPAs_0.95__sb_byTime_sbth_1800000__Algo_nsgaii,150,uml2lqn,3566
NSGA,simplified-cocome__BRF_clone_1.23__moc_1.64__mcnn_1.80__moncnn_1.45__MaxEval_102__ProbPAs_0.95__sb_byTime_sbth_1800000__Algo_nsgaii,150,invoke_solver,39
NSGA,simplified-cocome__BRF_clone_1.23__moc_1.64__mcnn_1.80__moncnn_1.45__MaxEval_102__ProbPAs_0.95__sb_byTime_sbth_1800000__Algo_nsgaii,150,lqn2uml,1837
NSGA,simplified-cocome__BRF_clone_1.23__moc_1.64__mcnn_1.80__moncnn_1.45__MaxEval_102__ProbPAs_0.95__sb_byTime_sbth_1800000__Algo_nsgaii,150,counting_pas,150,8434
simplified-cocome,simplified-cocome__BRF_clone_1.23__moc_1.64__mcnn_1.80__moncnn_1.45__MaxEval_102__ProbPAs_0.95__sb_byTime_sbth_1800000__Algo_nsgaii,150,perfQ,1899
simplified-cocome,simplified-cocome__BRF_clone_1.23__moc_1.64__mcnn_1.80__moncnn_1.45__MaxEval_102__ProbPAs_0.95__sb_byTime_sbth_1800000__Algo_nsgaii,reliability,160
simplified-cocome,simplified-cocome__BRF_clone_1.23__moc_1.64__mcnn_1.80__moncnn_1.45__MaxEval_102__ProbPAs_0.95__sb_byTime_sbth_1800000__Algo_nsgaii,151,uml2lqn,2753
NSGA,simplified-cocome__BRF_clone_1.23__moc_1.64__mcnn_1.80__moncnn_1.45__MaxEval_102__ProbPAs_0.95__sb_byTime_sbth_1800000__Algo_nsgaii,151,invoke_solver,96
NSGA,simplified-cocome__BRF_clone_1.23__moc_1.64__mcnn_1.80__moncnn_1.45__MaxEval_102__ProbPAs_0.95__sb_byTime_sbth_1800000__Algo_nsgaii,151,lqn2uml,1375
NSGA,simplified-cocome__BRF_clone_1.23__moc_1.64__mcnn_1.80__moncnn_1.45__MaxEval_102__ProbPAs_0.95__sb_byTime_sbth_1800000__Algo_nsgaii,151,counting_pas,151,8681
simplified-cocome,simplified-cocome__BRF_clone_1.23__moc_1.64__mcnn_1.80__moncnn_1.45__MaxEval_102__ProbPAs_0.95__sb_byTime_sbth_1800000__Algo_nsgaii,151,perfQ,2396
simplified-cocome,simplified-cocome__BRF_clone_1.23__moc_1.64__mcnn_1.80__moncnn_1.45__MaxEval_102__ProbPAs_0.95__sb_byTime_sbth_1800000__Algo_nsgaii,reliability,172
simplified-cocome,simplified-cocome__BRF_clone_1.23__moc_1.64__mcnn_1.80__moncnn_1.45__MaxEval_102__ProbPAs_0.95__sb_byTime_sbth_1800000__Algo_nsgaii,154,uml2lqn,2973
NSGA,simplified-cocome__BRF_clone_1.23__moc_1.64__mcnn_1.80__moncnn_1.45__MaxEval_102__ProbPAs_0.95__sb_byTime_sbth_1800000__Algo_nsgaii,154,invoke_solver,276
NSGA,simplified-cocome__BRF_clone_1.23__moc_1.64__mcnn_1.80__moncnn_1.45__MaxEval_102__ProbPAs_0.95__sb_byTime_sbth_1800000__Algo_nsgaii,154,lqn2uml,1549
NSGA,simplified-cocome__BRF_clone_1.23__moc_1.64__mcnn_1.80__moncnn_1.45__MaxEval_102__ProbPAs_0.95__sb_byTime_sbth_1800000__Algo_nsgaii,154,counting_pas,154,10255
simplified-cocome,simplified-cocome__BRF_clone_1.23__moc_1.64__mcnn_1.80__moncnn_1.45__MaxEval_102__ProbPAs_0.95__sb_byTime_sbth_1800000__Algo_nsgaii,154,perfQ,1429
simplified-cocome,simplified-cocome__BRF_clone_1.23__moc_1.64__mcnn_1.80__moncnn_1.45__MaxEval_102__ProbPAs_0.95__sb_byTime_sbth_1800000__Algo_nsgaii,reliability,195
simplified-cocome,simplified-cocome__BRF_clone_1.23__moc_1.64__mcnn_1.80__moncnn_1.45__MaxEval_102__ProbPAs_0.95__sb_byTime_sbth_1800000__Algo_nsgaii,155,uml2lqn,2743
NSGA,simplified-cocome__BRF_clone_1.23__moc_1.64__mcnn_1.80__moncnn_1.45__MaxEval_102__ProbPAs_0.95__sb_byTime_sbth_1800000__Algo_nsgaii,155,invoke_solver,337
NSGA,simplified-cocome__BRF_clone_1.23__moc_1.64__mcnn_1.80__moncnn_1.45__MaxEval_102__ProbPAs_0.95__sb_byTime_sbth_1800000__Algo_nsgaii,155,lqn2uml,1554
NSGA,simplified-cocome__BRF_clone_1.23__moc_1.64__mcnn_1.80__moncnn_1.45__MaxEval_102__ProbPAs_0.95__sb_byTime_sbth_1800000__Algo_nsgaii,155,counting_pas,155,10186
simplified-cocome,simplified-cocome__BRF_clone_1.23__moc_1.64__mcnn_1.80__moncnn_1.45__MaxEval_102__ProbPAs_0.95__sb_byTime_sbth_1800000__Algo_nsgaii,155,perfQ,1023
simplified-cocome,simplified-cocome__BRF_clone_1.23__moc_1.64__mcnn_1.80__moncnn_1.45__MaxEval_102__ProbPAs_0.95__sb_byTime_sbth_1800000__Algo_nsgaii,reliability,173
