algorithm,problem_tag,performance_antipattern,target_element,fuzziness
0,paf,createReport,1.0000
0,paf,getMeanTimeToDeliveryReport,1.0000
0,paf,getMeanTimeToDelivery,1.0000
0,paf,getTransactionContext,1.0000
0,paf,queryOrderById,1.0000
0,paf,enterOrderID,1.0000
0,paf,getEnterpriseByID,1.0000
0,paf,getTransaction,1.0000
0,paf,queryStockItem,1.0000
0,ep,Persistence,1.0000
0,ep,Enterprise,1.0000
0,ep,Reporting,1.0000
1,paf,getMeanTimeToDeliveryReport,1.0000
1,paf,getMeanTimeToDelivery,1.0000
1,paf,queryOrderById,1.0000
1,paf,getTransactionContext,1.0000
1,paf,enterOrderID,1.0000
1,paf,getEnterpriseByID,1.0000
1,paf,getTransaction,1.0000
1,paf,queryStockItem,1.0000
1,ep,Persistence,1.0000
1,ep,DataStore,1.0000
1,ep,Enterprise,1.0000
1,ep,Reporting,1.0000
2,paf,createReport,0.9755
2,paf,getMeanTimeToDeliveryReport,1.0000
2,paf,rollInReceivedOrder,1.0000
2,paf,getMeanTimeToDelivery,1.0000
2,paf,queryOrderById,1.0000
2,paf,enterOrderID,1.0000
2,paf,getEnterpriseByID,1.0000
2,paf,queryStockItem,1.0000
2,ep,Persistence,1.0000
2,ep,DataStore,1.0000
2,ep,Enterprise,1.0000
2,ep,Reporting,1.0000
3,paf,createReport,0.9927
3,paf,getMeanTimeToDeliveryReport,1.0000
3,paf,rollInReceivedOrder,1.0000
3,paf,getTransactionContext,1.0000
3,paf,queryOrderById,1.0000
3,paf,enterOrderID,1.0000
3,paf,getEnterpriseByID,1.0000
3,paf,getTransaction,1.0000
3,paf,queryStockItem,1.0000
3,ep,Persistence,1.0000
3,ep,DataStore,1.0000
3,ep,Enterprise,1.0000
3,ep,Reporting,1.0000
4,paf,getMeanTimeToDeliveryReport,1.0000
4,paf,productBarCodeScannedEvent,1.0000
4,paf,getMeanTimeToDelivery,1.0000
4,paf,getTransactionContext,1.0000
4,paf,queryOrderById,1.0000
4,paf,saleStartedEvent,1.0000
4,paf,enterOrderID,1.0000
4,paf,stopSale,1.0000
4,paf,getEnterpriseByID,1.0000
4,paf,getTransaction,1.0000
4,paf,queryStockItem,1.0000
4,ep,Persistence,1.0000
4,ep,DataStore,1.0000
4,ep,Enterprise,1.0000
4,ep,Reporting,1.0000
5,paf,createReport,1.0000
5,paf,getMeanTimeToDelivery,1.0000
5,paf,getTransactionContext,1.0000
5,paf,queryOrderById,1.0000
5,paf,enterOrderID,1.0000
5,paf,getTransaction,1.0000
5,paf,queryStockItem,1.0000
5,ep,Persistence,1.0000
5,ep,DataStore,1.0000
5,ep,Enterprise,1.0000
5,ep,Reporting,1.0000
6,paf,createReport,1.0000
6,paf,getMeanTimeToDeliveryReport,1.0000
6,paf,getTransactionContext,1.0000
6,paf,pressButton,1.0000
6,paf,enterOrderID,1.0000
6,paf,queryStockItem,1.0000
6,ep,GUIStore,1.0000
6,ep,GUIReporting,1.0000
7,paf,createReport,1.0000
7,paf,getMeanTimeToDeliveryReport,1.0000
7,paf,rollInReceivedOrder,1.0000
7,paf,getMeanTimeToDelivery,1.0000
7,paf,getTransactionContext,1.0000
7,paf,queryOrderById,1.0000
7,paf,enterOrderID,1.0000
7,paf,getEnterpriseByID,1.0000
7,paf,queryStockItem,1.0000
7,ep,Persistence,1.0000
7,ep,DataStore,1.0000
7,ep,Enterprise,1.0000
7,ep,Reporting,1.0000
8,paf,getMeanTimeToDeliveryReport,1.0000
8,paf,getMeanTimeToDelivery,1.0000
8,paf,getTransactionContext,1.0000
8,paf,queryOrderById,1.0000
8,paf,enterOrderID,1.0000
8,paf,getEnterpriseByID,1.0000
8,paf,getTransaction,1.0000
8,paf,queryStockItem,1.0000
8,ep,Persistence,1.0000
8,ep,DataStore,1.0000
8,ep,Enterprise,1.0000
8,ep,Reporting,1.0000
9,paf,createReport,1.0000
9,paf,getMeanTimeToDeliveryReport,1.0000
9,paf,productBarCodeScannedEvent,1.0000
9,paf,getMeanTimeToDelivery,1.0000
9,paf,getTransactionContext,1.0000
9,paf,queryOrderById,1.0000
9,paf,enterOrderID,1.0000
9,paf,getTransaction,1.0000
9,paf,queryStockItem,1.0000
9,ep,Persistence,1.0000
9,ep,Enterprise,1.0000
9,ep,Reporting,1.0000
10,paf,createReport,1.0000
10,paf,getMeanTimeToDeliveryReport,1.0000
10,paf,getMeanTimeToDelivery,1.0000
10,paf,getTransactionContext,1.0000
10,paf,pressButton,1.0000
10,paf,enterOrderID,1.0000
10,paf,getTransaction,1.0000
10,paf,queryStockItem,1.0000
10,ep,GUIStore,1.0000
10,ep,GUIReporting,1.0000
11,paf,createReport,1.0000
11,paf,getMeanTimeToDeliveryReport,1.0000
11,paf,getMeanTimeToDelivery,1.0000
11,paf,getTransactionContext,1.0000
11,paf,queryOrderById,1.0000
11,paf,enterOrderID,1.0000
11,paf,getEnterpriseByID,1.0000
11,paf,getTransaction,1.0000
11,ep,Persistence,1.0000
11,ep,DataStore,1.0000
11,ep,Enterprise,1.0000
11,ep,Reporting,1.0000
12,paf,getMeanTimeToDeliveryReport,1.0000
12,paf,rollInReceivedOrder,1.0000
12,paf,getMeanTimeToDelivery,1.0000
12,paf,getTransactionContext,1.0000
12,paf,queryOrderById,1.0000
12,paf,enterOrderID,1.0000
12,paf,getEnterpriseByID,1.0000
12,paf,queryStockItem,1.0000
12,ep,Persistence,1.0000
12,ep,DataStore,1.0000
12,ep,Enterprise,1.0000
12,ep,Reporting,1.0000
13,paf,createReport,1.0000
13,paf,getMeanTimeToDeliveryReport,1.0000
13,paf,getTransactionContext,1.0000
13,paf,queryOrderById,1.0000
13,paf,enterOrderID,1.0000
13,paf,getEnterpriseByID,1.0000
13,paf,getTransaction,1.0000
13,paf,queryStockItem,1.0000
13,ep,Persistence,1.0000
13,ep,DataStore,1.0000
13,ep,Enterprise,1.0000
13,ep,Reporting,1.0000
14,paf,createReport,1.0000
14,paf,getMeanTimeToDelivery,1.0000
14,paf,getTransactionContext,1.0000
14,paf,queryOrderById,1.0000
14,paf,pressButton,1.0000
14,paf,enterOrderID,1.0000
14,paf,getEnterpriseByID,1.0000
14,paf,getTransaction,1.0000
14,paf,queryStockItem,1.0000
14,ep,DataStore,1.0000
14,ep,Enterprise,1.0000
14,ep,GUIStore,1.0000
14,ep,GUIReporting,1.0000
14,ep,Reporting,1.0000
15,paf,getMeanTimeToDeliveryReport,1.0000
15,paf,getMeanTimeToDelivery,1.0000
15,paf,getTransactionContext,1.0000
15,paf,queryOrderById,1.0000
15,paf,getEnterpriseByID,1.0000
15,paf,getTransaction,1.0000
15,paf,queryStockItem,1.0000
15,ep,Persistence,1.0000
15,ep,DataStore,1.0000
15,ep,Enterprise,1.0000
15,ep,Reporting,1.0000
16,paf,createReport,1.0000
16,paf,getMeanTimeToDeliveryReport,1.0000
16,paf,getMeanTimeToDelivery,1.0000
16,paf,getTransactionContext,1.0000
16,paf,queryOrderById,1.0000
16,paf,enterOrderID,1.0000
16,paf,startSale,1.0000
16,paf,getTransaction,1.0000
16,paf,queryStockItem,1.0000
16,ep,Persistence,0.9605
16,ep,DataStore,1.0000
16,ep,Enterprise,0.9605
16,ep,Reporting,0.9605
17,paf,createReport,1.0000
17,paf,getMeanTimeToDelivery,1.0000
17,paf,getTransactionContext,1.0000
17,paf,queryOrderById,1.0000
17,paf,enterOrderID,1.0000
17,paf,getTransaction,1.0000
17,paf,queryStockItem,1.0000
17,ep,Persistence,1.0000
17,ep,DataStore,1.0000
17,ep,Enterprise,1.0000
17,ep,Reporting,1.0000
18,paf,createReport,1.0000
18,paf,getMeanTimeToDelivery,1.0000
18,paf,getTransactionContext,1.0000
18,paf,queryOrderById,1.0000
18,paf,pressButton,1.0000
18,paf,enterOrderID,1.0000
18,paf,getEnterpriseByID,1.0000
18,paf,getTransaction,1.0000
18,paf,queryStockItem,1.0000
18,ep,DataStore,1.0000
18,ep,Enterprise,1.0000
18,ep,GUIStore,1.0000
18,ep,GUIReporting,1.0000
18,ep,Reporting,1.0000
19,paf,createReport,1.0000
19,paf,getMeanTimeToDeliveryReport,1.0000
19,paf,productBarCodeScannedEvent,1.0000
19,paf,getMeanTimeToDelivery,1.0000
19,paf,getTransactionContext,1.0000
19,paf,queryOrderById,1.0000
19,paf,enterOrderID,1.0000
19,paf,getTransaction,1.0000
19,paf,queryStockItem,1.0000
19,ep,Persistence,1.0000
19,ep,Enterprise,1.0000
19,ep,Reporting,1.0000
20,paf,createReport,1.0000
20,paf,getMeanTimeToDeliveryReport,1.0000
20,paf,getMeanTimeToDelivery,1.0000
20,paf,getTransactionContext,1.0000
20,paf,queryOrderById,1.0000
20,paf,enterOrderID,1.0000
20,paf,getEnterpriseByID,1.0000
20,paf,getTransaction,1.0000
20,paf,queryStockItem,1.0000
20,ep,Persistence,1.0000
20,ep,Enterprise,1.0000
20,ep,Reporting,1.0000
21,paf,getMeanTimeToDeliveryReport,1.0000
21,paf,getMeanTimeToDelivery,1.0000
21,paf,queryOrderById,1.0000
21,paf,getTransactionContext,1.0000
21,paf,enterOrderID,1.0000
21,paf,getEnterpriseByID,1.0000
21,paf,getTransaction,1.0000
21,paf,queryStockItem,1.0000
21,ep,Persistence,1.0000
21,ep,DataStore,1.0000
21,ep,Enterprise,1.0000
21,ep,Reporting,1.0000
24,paf,createReport,0.9927
24,paf,getMeanTimeToDeliveryReport,1.0000
24,paf,rollInReceivedOrder,1.0000
24,paf,getTransactionContext,1.0000
24,paf,queryOrderById,1.0000
24,paf,enterOrderID,1.0000
24,paf,getEnterpriseByID,1.0000
24,paf,getTransaction,1.0000
24,paf,queryStockItem,1.0000
24,ep,Persistence,1.0000
24,ep,DataStore,1.0000
24,ep,Enterprise,1.0000
24,ep,Reporting,1.0000
25,paf,createReport,1.0000
25,paf,getMeanTimeToDeliveryReport,1.0000
25,paf,productBarCodeScannedEvent,1.0000
25,paf,getMeanTimeToDelivery,1.0000
25,paf,getTransactionContext,1.0000
25,paf,queryOrderById,1.0000
25,paf,enterOrderID,1.0000
25,paf,getTransaction,1.0000
25,paf,queryStockItem,1.0000
25,ep,Persistence,1.0000
25,ep,Enterprise,1.0000
25,ep,Reporting,1.0000
28,paf,getMeanTimeToDeliveryReport,1.0000
28,paf,getMeanTimeToDelivery,1.0000
28,paf,getTransactionContext,1.0000
28,paf,queryOrderById,1.0000
28,paf,getEnterpriseByID,1.0000
28,paf,getTransaction,1.0000
28,paf,queryStockItem,1.0000
28,ep,Persistence,1.0000
28,ep,DataStore,1.0000
28,ep,Enterprise,1.0000
28,ep,Reporting,1.0000
29,paf,getMeanTimeToDeliveryReport,1.0000
29,paf,getMeanTimeToDelivery,1.0000
29,paf,queryOrderById,1.0000
29,paf,getTransactionContext,1.0000
29,paf,enterOrderID,1.0000
29,paf,getEnterpriseByID,1.0000
29,paf,getTransaction,1.0000
29,paf,queryStockItem,1.0000
29,ep,Persistence,1.0000
29,ep,DataStore,1.0000
29,ep,Enterprise,1.0000
29,ep,Reporting,1.0000
30,paf,createReport,0.9927
30,paf,getMeanTimeToDeliveryReport,1.0000
30,paf,rollInReceivedOrder,1.0000
30,paf,getTransactionContext,1.0000
30,paf,queryOrderById,1.0000
30,paf,enterOrderID,1.0000
30,paf,getEnterpriseByID,1.0000
30,paf,getTransaction,1.0000
30,paf,queryStockItem,1.0000
30,ep,Persistence,1.0000
30,ep,DataStore,1.0000
30,ep,Enterprise,1.0000
30,ep,Reporting,1.0000
31,paf,createReport,1.0000
31,paf,getMeanTimeToDeliveryReport,1.0000
31,paf,rollInReceivedOrder,1.0000
31,paf,getMeanTimeToDelivery,1.0000
31,paf,getTransactionContext,1.0000
31,paf,queryOrderById,1.0000
31,paf,enterOrderID,1.0000
31,paf,getEnterpriseByID,1.0000
31,paf,queryStockItem,1.0000
31,ep,Persistence,1.0000
31,ep,DataStore,1.0000
31,ep,Enterprise,1.0000
31,ep,Reporting,1.0000
32,paf,getMeanTimeToDeliveryReport,1.0000
32,paf,getMeanTimeToDelivery,1.0000
32,paf,getTransactionContext,1.0000
32,paf,queryOrderById,1.0000
32,paf,getEnterpriseByID,1.0000
32,paf,getTransaction,1.0000
32,paf,queryStockItem,1.0000
32,ep,Persistence,1.0000
32,ep,DataStore,1.0000
32,ep,Enterprise,1.0000
32,ep,Reporting,1.0000
33,paf,createReport,1.0000
33,paf,getMeanTimeToDeliveryReport,1.0000
33,paf,getMeanTimeToDelivery,1.0000
33,paf,getTransactionContext,1.0000
33,paf,enterOrderID,1.0000
33,paf,getEnterpriseByID,1.0000
33,paf,queryStockItem,1.0000
33,ep,Persistence,1.0000
33,ep,DataStore,1.0000
33,ep,Enterprise,1.0000
33,ep,Reporting,1.0000
36,paf,createReport,0.9755
36,paf,getMeanTimeToDeliveryReport,1.0000
36,paf,rollInReceivedOrder,1.0000
36,paf,getMeanTimeToDelivery,1.0000
36,paf,queryOrderById,1.0000
36,paf,enterOrderID,1.0000
36,paf,getEnterpriseByID,1.0000
36,paf,queryStockItem,1.0000
36,ep,Persistence,1.0000
36,ep,DataStore,1.0000
36,ep,Enterprise,1.0000
36,ep,Reporting,1.0000
37,paf,getMeanTimeToDeliveryReport,1.0000
37,paf,getMeanTimeToDelivery,1.0000
37,paf,getTransactionContext,1.0000
37,paf,queryOrderById,1.0000
37,paf,enterOrderID,1.0000
37,paf,getEnterpriseByID,1.0000
37,paf,getTransaction,1.0000
37,paf,queryStockItem,1.0000
37,ep,Persistence,1.0000
37,ep,DataStore,1.0000
37,ep,Enterprise,1.0000
37,ep,Reporting,1.0000
40,paf,createReport,0.9904
40,paf,getMeanTimeToDeliveryReport,1.0000
40,paf,rollInReceivedOrder,1.0000
40,paf,getTransactionContext,1.0000
40,paf,queryOrderById,1.0000
40,paf,enterOrderID,1.0000
40,paf,getEnterpriseByID,1.0000
40,paf,getTransaction,1.0000
40,paf,queryStockItem,1.0000
40,ep,Persistence,1.0000
40,ep,DataStore,1.0000
40,ep,Enterprise,1.0000
40,ep,Reporting,1.0000
41,paf,createReport,1.0000
41,paf,getMeanTimeToDeliveryReport,1.0000
41,paf,getMeanTimeToDelivery,1.0000
41,paf,getTransactionContext,1.0000
41,paf,enterOrderID,1.0000
41,paf,getEnterpriseByID,1.0000
41,paf,queryStockItem,1.0000
41,ep,Persistence,1.0000
41,ep,DataStore,1.0000
41,ep,Enterprise,1.0000
41,ep,Reporting,1.0000
44,paf,createReport,0.9755
44,paf,getMeanTimeToDeliveryReport,1.0000
44,paf,rollInReceivedOrder,1.0000
44,paf,getMeanTimeToDelivery,1.0000
44,paf,queryOrderById,1.0000
44,paf,enterOrderID,1.0000
44,paf,getEnterpriseByID,1.0000
44,paf,queryStockItem,1.0000
44,ep,Persistence,1.0000
44,ep,DataStore,1.0000
44,ep,Enterprise,1.0000
44,ep,Reporting,1.0000
45,paf,getMeanTimeToDeliveryReport,1.0000
45,paf,getMeanTimeToDelivery,1.0000
45,paf,queryOrderById,1.0000
45,paf,enterOrderID,1.0000
45,paf,getEnterpriseByID,1.0000
45,paf,getTransaction,1.0000
45,paf,queryStockItem,1.0000
45,ep,Persistence,1.0000
45,ep,DataStore,1.0000
45,ep,Enterprise,1.0000
45,ep,Reporting,1.0000
48,paf,getMeanTimeToDeliveryReport,1.0000
48,paf,getMeanTimeToDelivery,1.0000
48,paf,getTransactionContext,1.0000
48,paf,enterOrderID,1.0000
48,paf,getEnterpriseByID,1.0000
48,paf,getTransaction,1.0000
48,paf,queryStockItem,1.0000
48,ep,Persistence,1.0000
48,ep,DataStore,1.0000
48,ep,Enterprise,1.0000
48,ep,Reporting,1.0000
49,paf,createReport,0.9927
49,paf,getMeanTimeToDeliveryReport,1.0000
49,paf,rollInReceivedOrder,1.0000
49,paf,getTransactionContext,1.0000
49,paf,queryOrderById,1.0000
49,paf,enterOrderID,1.0000
49,paf,getEnterpriseByID,1.0000
49,paf,getTransaction,1.0000
49,paf,queryStockItem,1.0000
49,ep,Persistence,1.0000
49,ep,DataStore,1.0000
49,ep,Enterprise,1.0000
49,ep,Reporting,1.0000
52,paf,getMeanTimeToDeliveryReport,1.0000
52,paf,rollInReceivedOrder,1.0000
52,paf,getMeanTimeToDelivery,1.0000
52,paf,getTransactionContext,1.0000
52,paf,queryOrderById,1.0000
52,paf,enterOrderID,1.0000
52,paf,getEnterpriseByID,1.0000
52,paf,queryStockItem,1.0000
52,ep,Persistence,1.0000
52,ep,DataStore,1.0000
52,ep,Enterprise,1.0000
52,ep,Reporting,1.0000
53,paf,createReport,1.0000
53,paf,getMeanTimeToDeliveryReport,1.0000
53,paf,getMeanTimeToDelivery,1.0000
53,paf,getTransactionContext,1.0000
53,paf,enterOrderID,1.0000
53,paf,getEnterpriseByID,1.0000
53,paf,queryStockItem,1.0000
53,ep,Persistence,1.0000
53,ep,DataStore,1.0000
53,ep,Enterprise,1.0000
53,ep,Reporting,1.0000
56,paf,createReport,1.0000
56,paf,getMeanTimeToDelivery,1.0000
56,paf,getTransactionContext,1.0000
56,paf,queryOrderById,1.0000
56,paf,enterOrderID,1.0000
56,paf,getTransaction,1.0000
56,paf,queryStockItem,1.0000
56,ep,Persistence,1.0000
56,ep,DataStore,1.0000
56,ep,Enterprise,1.0000
56,ep,Reporting,1.0000
57,paf,createReport,1.0000
57,paf,getMeanTimeToDeliveryReport,1.0000
57,paf,getTransactionContext,1.0000
57,paf,queryOrderById,1.0000
57,paf,enterOrderID,1.0000
57,paf,getEnterpriseByID,1.0000
57,paf,getTransaction,1.0000
57,paf,queryStockItem,1.0000
57,ep,Persistence,1.0000
57,ep,DataStore,1.0000
57,ep,Enterprise,1.0000
57,ep,Reporting,1.0000
60,paf,createReport,0.9755
60,paf,getMeanTimeToDeliveryReport,1.0000
60,paf,rollInReceivedOrder,1.0000
60,paf,getMeanTimeToDelivery,1.0000
60,paf,queryOrderById,1.0000
60,paf,enterOrderID,1.0000
60,paf,getEnterpriseByID,1.0000
60,paf,queryStockItem,1.0000
60,ep,Persistence,1.0000
60,ep,DataStore,1.0000
60,ep,Enterprise,1.0000
60,ep,Reporting,1.0000
61,paf,createReport,0.9755
61,paf,getMeanTimeToDeliveryReport,1.0000
61,paf,rollInReceivedOrder,1.0000
61,paf,getMeanTimeToDelivery,1.0000
61,paf,queryOrderById,1.0000
61,paf,enterOrderID,1.0000
61,paf,getEnterpriseByID,1.0000
61,paf,queryStockItem,1.0000
61,ep,Persistence,1.0000
61,ep,DataStore,1.0000
61,ep,Enterprise,1.0000
61,ep,Reporting,1.0000
64,paf,createReport,1.0000
64,paf,getMeanTimeToDeliveryReport,1.0000
64,paf,getMeanTimeToDelivery,1.0000
64,paf,getTransactionContext,1.0000
64,paf,queryOrderById,1.0000
64,paf,enterOrderID,1.0000
64,paf,getEnterpriseByID,1.0000
64,paf,getTransaction,1.0000
64,ep,Persistence,1.0000
64,ep,DataStore,1.0000
64,ep,Enterprise,1.0000
64,ep,Reporting,1.0000
65,paf,createReport,1.0000
65,paf,getMeanTimeToDeliveryReport,1.0000
65,paf,rollInReceivedOrder,1.0000
65,paf,getTransactionContext,1.0000
65,paf,queryOrderById,1.0000
65,paf,enterOrderID,1.0000
65,paf,getEnterpriseByID,1.0000
65,paf,getTransaction,1.0000
65,paf,queryStockItem,1.0000
65,ep,DataStore,1.0000
65,ep,Enterprise,1.0000
65,ep,Reporting,1.0000
68,paf,createReport,1.0000
68,paf,getMeanTimeToDelivery,1.0000
68,paf,getTransactionContext,1.0000
68,paf,queryOrderById,1.0000
68,paf,enterOrderID,1.0000
68,paf,getTransaction,1.0000
68,paf,queryStockItem,1.0000
68,ep,Persistence,1.0000
68,ep,DataStore,1.0000
68,ep,Enterprise,1.0000
68,ep,Reporting,1.0000
69,paf,getMeanTimeToDeliveryReport,1.0000
69,paf,getMeanTimeToDelivery,1.0000
69,paf,getTransactionContext,1.0000
69,paf,queryOrderById,1.0000
69,paf,getEnterpriseByID,1.0000
69,paf,getTransaction,1.0000
69,paf,queryStockItem,1.0000
69,ep,Persistence,1.0000
69,ep,DataStore,1.0000
69,ep,Enterprise,1.0000
69,ep,Reporting,1.0000
70,paf,createReport,0.9927
70,paf,getMeanTimeToDeliveryReport,1.0000
70,paf,rollInReceivedOrder,1.0000
70,paf,getTransactionContext,1.0000
70,paf,queryOrderById,1.0000
70,paf,enterOrderID,1.0000
70,paf,getEnterpriseByID,1.0000
70,paf,getTransaction,1.0000
70,paf,queryStockItem,1.0000
70,ep,Persistence,1.0000
70,ep,DataStore,1.0000
70,ep,Enterprise,1.0000
70,ep,Reporting,1.0000
71,paf,createReport,1.0000
71,paf,getMeanTimeToDeliveryReport,1.0000
71,paf,getTransactionContext,1.0000
71,paf,queryOrderById,1.0000
71,paf,enterOrderID,1.0000
71,paf,getEnterpriseByID,1.0000
71,paf,getTransaction,1.0000
71,paf,queryStockItem,1.0000
71,ep,Persistence,1.0000
71,ep,DataStore,1.0000
71,ep,Enterprise,1.0000
71,ep,Reporting,1.0000
76,paf,createReport,1.0000
76,paf,getMeanTimeToDeliveryReport,1.0000
76,paf,getMeanTimeToDelivery,1.0000
76,paf,getTransactionContext,1.0000
76,paf,enterOrderID,1.0000
76,paf,getEnterpriseByID,1.0000
76,paf,queryStockItem,1.0000
76,ep,Persistence,1.0000
76,ep,DataStore,1.0000
76,ep,Enterprise,1.0000
76,ep,Reporting,1.0000
77,paf,createReport,1.0000
77,paf,getMeanTimeToDeliveryReport,1.0000
77,paf,getMeanTimeToDelivery,1.0000
77,paf,getTransactionContext,1.0000
77,paf,enterOrderID,1.0000
77,paf,getEnterpriseByID,1.0000
77,paf,queryStockItem,1.0000
77,ep,Persistence,1.0000
77,ep,DataStore,1.0000
77,ep,Enterprise,1.0000
77,ep,Reporting,1.0000
78,paf,createReport,1.0000
78,paf,getMeanTimeToDelivery,1.0000
78,paf,getTransactionContext,1.0000
78,paf,queryOrderById,1.0000
78,paf,enterOrderID,1.0000
78,paf,getTransaction,1.0000
78,paf,queryStockItem,1.0000
78,ep,Persistence,1.0000
78,ep,DataStore,1.0000
78,ep,Enterprise,1.0000
78,ep,Reporting,1.0000
79,paf,getMeanTimeToDeliveryReport,1.0000
79,paf,getMeanTimeToDelivery,1.0000
79,paf,queryOrderById,1.0000
79,paf,enterOrderID,1.0000
79,paf,getEnterpriseByID,1.0000
79,paf,getTransaction,1.0000
79,paf,queryStockItem,1.0000
79,ep,Persistence,1.0000
79,ep,DataStore,1.0000
79,ep,Enterprise,1.0000
79,ep,Reporting,1.0000
82,paf,createReport,0.9755
82,paf,getMeanTimeToDeliveryReport,1.0000
82,paf,rollInReceivedOrder,1.0000
82,paf,getMeanTimeToDelivery,1.0000
82,paf,queryOrderById,1.0000
82,paf,enterOrderID,1.0000
82,paf,getEnterpriseByID,1.0000
82,paf,queryStockItem,1.0000
82,ep,Persistence,1.0000
82,ep,DataStore,1.0000
82,ep,Enterprise,1.0000
82,ep,Reporting,1.0000
83,paf,createReport,0.9755
83,paf,getMeanTimeToDeliveryReport,1.0000
83,paf,rollInReceivedOrder,1.0000
83,paf,getMeanTimeToDelivery,1.0000
83,paf,queryOrderById,1.0000
83,paf,enterOrderID,1.0000
83,paf,getEnterpriseByID,1.0000
83,paf,queryStockItem,1.0000
83,ep,Persistence,1.0000
83,ep,DataStore,1.0000
83,ep,Enterprise,1.0000
83,ep,Reporting,1.0000
86,paf,getMeanTimeToDeliveryReport,1.0000
86,paf,getMeanTimeToDelivery,1.0000
86,paf,queryOrderById,1.0000
86,paf,enterOrderID,1.0000
86,paf,getEnterpriseByID,1.0000
86,paf,getTransaction,1.0000
86,paf,queryStockItem,1.0000
86,ep,Persistence,1.0000
86,ep,DataStore,1.0000
86,ep,Enterprise,1.0000
86,ep,Reporting,1.0000
87,paf,createReport,1.0000
87,paf,getMeanTimeToDeliveryReport,1.0000
87,paf,getTransactionContext,1.0000
87,paf,pressButton,1.0000
87,paf,enterOrderID,1.0000
87,paf,queryStockItem,1.0000
87,ep,GUIStore,1.0000
87,ep,GUIReporting,1.0000
88,paf,createReport,0.9755
88,paf,getMeanTimeToDeliveryReport,1.0000
88,paf,rollInReceivedOrder,1.0000
88,paf,getMeanTimeToDelivery,1.0000
88,paf,queryOrderById,1.0000
88,paf,enterOrderID,1.0000
88,paf,getEnterpriseByID,1.0000
88,paf,queryStockItem,1.0000
88,ep,Persistence,1.0000
88,ep,DataStore,1.0000
88,ep,Enterprise,1.0000
88,ep,Reporting,1.0000
89,paf,createReport,0.9720
89,paf,getMeanTimeToDelivery,1.0000
89,paf,getTransactionContext,1.0000
89,paf,queryOrderById,1.0000
89,paf,enterOrderID,1.0000
89,paf,getEnterpriseByID,1.0000
89,paf,queryStockItem,1.0000
89,ep,Persistence,1.0000
89,ep,DataStore,1.0000
89,ep,Enterprise,1.0000
89,ep,Reporting,1.0000
90,paf,createReport,1.0000
90,paf,getMeanTimeToDelivery,1.0000
90,paf,getTransactionContext,1.0000
90,paf,queryOrderById,1.0000
90,paf,enterOrderID,1.0000
90,paf,getTransaction,1.0000
90,paf,queryStockItem,1.0000
90,ep,Persistence,1.0000
90,ep,DataStore,1.0000
90,ep,Enterprise,1.0000
90,ep,Reporting,1.0000
91,paf,createReport,1.0000
91,paf,getMeanTimeToDeliveryReport,1.0000
91,paf,getMeanTimeToDelivery,1.0000
91,paf,getTransactionContext,1.0000
91,paf,enterOrderID,1.0000
91,paf,getEnterpriseByID,1.0000
91,paf,queryStockItem,1.0000
91,ep,Persistence,1.0000
91,ep,DataStore,1.0000
91,ep,Enterprise,1.0000
91,ep,Reporting,1.0000
94,paf,createReport,1.0000
94,paf,getMeanTimeToDeliveryReport,1.0000
94,paf,getMeanTimeToDelivery,1.0000
94,paf,getTransactionContext,1.0000
94,paf,enterOrderID,1.0000
94,paf,getEnterpriseByID,1.0000
94,paf,queryStockItem,1.0000
94,ep,Persistence,1.0000
94,ep,DataStore,1.0000
94,ep,Enterprise,1.0000
94,ep,Reporting,1.0000
95,paf,createReport,0.9755
95,paf,getMeanTimeToDeliveryReport,1.0000
95,paf,rollInReceivedOrder,1.0000
95,paf,getMeanTimeToDelivery,1.0000
95,paf,queryOrderById,1.0000
95,paf,enterOrderID,1.0000
95,paf,getEnterpriseByID,1.0000
95,paf,queryStockItem,1.0000
95,ep,Persistence,1.0000
95,ep,DataStore,1.0000
95,ep,Enterprise,1.0000
95,ep,Reporting,1.0000
