algorithm,problem_tag,execution_time(ms),total_memory_before(B),free_memory_before(B),total_memory_after(B),free_memory_after(B)
PESA2,train-ticket__BRF_clone_1.23__moc_1.64__mcnn_1.80__moncnn_1.45__MaxEval_102__ProbPAs_0.95__sb_none_sbth_6000__Algo_pesa2,131829,629145600,461541968,1258291200,901004936
PESA2,train-ticket__BRF_clone_1.23__moc_1.64__mcnn_1.80__moncnn_1.45__MaxEval_102__ProbPAs_0.95__sb_none_sbth_6000__Algo_pesa2,157333,1258291200,901004936,1916796928,1356262280
PESA2,train-ticket__BRF_clone_1.23__moc_1.64__mcnn_1.80__moncnn_1.45__MaxEval_102__ProbPAs_0.95__sb_none_sbth_6000__Algo_pesa2,170927,1916796928,1356262280,2617245696,1853452120
PESA2,train-ticket__BRF_clone_1.23__moc_1.64__mcnn_1.80__moncnn_1.45__MaxEval_102__ProbPAs_0.95__sb_none_sbth_6000__Algo_pesa2,175884,2617245696,1853452120,2617245696,1853310384
PESA2,train-ticket__BRF_clone_1.23__moc_1.64__mcnn_1.80__moncnn_1.45__MaxEval_102__ProbPAs_0.95__sb_none_sbth_6000__Algo_pesa2,200726,2617245696,1853310384,3133145088,2206803696
PESA2,train-ticket__BRF_clone_1.23__moc_1.64__mcnn_1.80__moncnn_1.45__MaxEval_102__ProbPAs_0.95__sb_none_sbth_6000__Algo_pesa2,233936,3133145088,2206803696,3804233728,2674160520
PESA2,train-ticket__BRF_clone_1.23__moc_1.64__mcnn_1.80__moncnn_1.45__MaxEval_102__ProbPAs_0.95__sb_none_sbth_6000__Algo_pesa2,263339,3804233728,2674160520,4433379328,3112857984
PESA2,train-ticket__BRF_clone_1.23__moc_1.64__mcnn_1.80__moncnn_1.45__MaxEval_102__ProbPAs_0.95__sb_none_sbth_6000__Algo_pesa2,245704,4433379328,3112857984,3774873600,2657430776
PESA2,train-ticket__BRF_clone_1.23__moc_1.64__mcnn_1.80__moncnn_1.45__MaxEval_102__ProbPAs_0.95__sb_none_sbth_6000__Algo_pesa2,264466,3774873600,2657430776,4378853376,3071525816
PESA2,train-ticket__BRF_clone_1.23__moc_1.64__mcnn_1.80__moncnn_1.45__MaxEval_102__ProbPAs_0.95__sb_none_sbth_6000__Algo_pesa2,292514,4378853376,3071525816,5075107840,3564513832
PESA2,train-ticket__BRF_clone_1.23__moc_1.64__mcnn_1.80__moncnn_1.45__MaxEval_102__ProbPAs_0.95__sb_none_sbth_6000__Algo_pesa2,332626,5075107840,3564511192,5649727488,3962224120
PESA2,train-ticket__BRF_clone_1.23__moc_1.64__mcnn_1.80__moncnn_1.45__MaxEval_102__ProbPAs_0.95__sb_none_sbth_6000__Algo_pesa2,300312,5649727488,3962224120,6291456000,4414175344
PESA2,train-ticket__BRF_clone_1.23__moc_1.64__mcnn_1.80__moncnn_1.45__MaxEval_102__ProbPAs_0.95__sb_none_sbth_6000__Algo_pesa2,312715,6291456000,4414175344,6920601600,4853585480
PESA2,train-ticket__BRF_clone_1.23__moc_1.64__mcnn_1.80__moncnn_1.45__MaxEval_102__ProbPAs_0.95__sb_none_sbth_6000__Algo_pesa2,331229,6920601600,4853585480,6878658560,4825108360
PESA2,train-ticket__BRF_clone_1.23__moc_1.64__mcnn_1.80__moncnn_1.45__MaxEval_102__ProbPAs_0.95__sb_none_sbth_6000__Algo_pesa2,390679,6878658560,4825108360,7566524416,5309206048
PESA2,train-ticket__BRF_clone_1.23__moc_1.64__mcnn_1.80__moncnn_1.45__MaxEval_102__ProbPAs_0.95__sb_none_sbth_6000__Algo_pesa2,341378,7566524416,5309206048,7566524416,5309332744
PESA2,train-ticket__BRF_clone_1.23__moc_1.64__mcnn_1.80__moncnn_1.45__MaxEval_102__ProbPAs_0.95__sb_none_sbth_6000__Algo_pesa2,369550,7566524416,5309332744,7046430720,4939198536
PESA2,train-ticket__BRF_clone_1.23__moc_1.64__mcnn_1.80__moncnn_1.45__MaxEval_102__ProbPAs_0.95__sb_none_sbth_6000__Algo_pesa2,350361,7046430720,4939198536,7734296576,5423871912
PESA2,train-ticket__BRF_clone_1.23__moc_1.64__mcnn_1.80__moncnn_1.45__MaxEval_102__ProbPAs_0.95__sb_none_sbth_6000__Algo_pesa2,369350,7734296576,5423871912,8405385216,5891904376
PESA2,train-ticket__BRF_clone_1.23__moc_1.64__mcnn_1.80__moncnn_1.45__MaxEval_102__ProbPAs_0.95__sb_none_sbth_6000__Algo_pesa2,419888,8405385216,5891904376,8417968128,5904066632
PESA2,train-ticket__BRF_clone_1.23__moc_1.64__mcnn_1.80__moncnn_1.45__MaxEval_102__ProbPAs_0.95__sb_none_sbth_6000__Algo_pesa2,410842,8417968128,5904066632,8417968128,5687083840
PESA2,train-ticket__BRF_clone_1.23__moc_1.64__mcnn_1.80__moncnn_1.45__MaxEval_102__ProbPAs_0.95__sb_none_sbth_6000__Algo_pesa2,422578,8417968128,5687083840,9730785280,6823278888
PESA2,train-ticket__BRF_clone_1.23__moc_1.64__mcnn_1.80__moncnn_1.45__MaxEval_102__ProbPAs_0.95__sb_none_sbth_6000__Algo_pesa2,449757,9730785280,6823278888,9873391616,6925652592
PESA2,train-ticket__BRF_clone_1.23__moc_1.64__mcnn_1.80__moncnn_1.45__MaxEval_102__ProbPAs_0.95__sb_none_sbth_6000__Algo_pesa2,411985,9873391616,6925652592,9227468800,6469418784
PESA2,train-ticket__BRF_clone_1.23__moc_1.64__mcnn_1.80__moncnn_1.45__MaxEval_102__ProbPAs_0.95__sb_none_sbth_6000__Algo_pesa2,420127,9227468800,6469418784,8459911168,5932645808
PESA2,train-ticket__BRF_clone_1.23__moc_1.64__mcnn_1.80__moncnn_1.45__MaxEval_102__ProbPAs_0.95__sb_none_sbth_6000__Algo_pesa2,418178,8459911168,5932645808,8459911168,5933122712
PESA2,train-ticket__BRF_clone_1.23__moc_1.64__mcnn_1.80__moncnn_1.45__MaxEval_102__ProbPAs_0.95__sb_none_sbth_6000__Algo_pesa2,380211,8459911168,5933122712,7734296576,5424875256
PESA2,train-ticket__BRF_clone_1.23__moc_1.64__mcnn_1.80__moncnn_1.45__MaxEval_102__ProbPAs_0.95__sb_none_sbth_6000__Algo_pesa2,391848,7734296576,5424875256,8363442176,5863975456
PESA2,train-ticket__BRF_clone_1.23__moc_1.64__mcnn_1.80__moncnn_1.45__MaxEval_102__ProbPAs_0.95__sb_none_sbth_6000__Algo_pesa2,399087,8363442176,5863975456,7633633280,5350267080
PESA2,train-ticket__BRF_clone_1.23__moc_1.64__mcnn_1.80__moncnn_1.45__MaxEval_102__ProbPAs_0.95__sb_none_sbth_6000__Algo_pesa2,390987,7633633280,5350267080,7650410496,5366951488
PESA2,train-ticket__BRF_clone_1.23__moc_1.64__mcnn_1.80__moncnn_1.45__MaxEval_102__ProbPAs_0.95__sb_none_sbth_6000__Algo_pesa2,393573,7650410496,5366951488,8153726976,5721751896
PESA2,train-ticket__BRF_clone_1.23__moc_1.64__mcnn_1.80__moncnn_1.45__MaxEval_102__ProbPAs_0.95__sb_none_sbth_6000__Algo_pesa2,405094,8153726976,5721751896,8782872576,6161263368
PESA2,train-ticket__BRF_clone_1.23__moc_1.64__mcnn_1.80__moncnn_1.45__MaxEval_102__ProbPAs_0.95__sb_none_sbth_6000__Algo_pesa2,429315,8782872576,6161263368,8782872576,6161306056
PESA2,train-ticket__BRF_clone_1.23__moc_1.64__mcnn_1.80__moncnn_1.45__MaxEval_102__ProbPAs_0.95__sb_none_sbth_6000__Algo_pesa2,443316,8782872576,6161306056,9353297920,6555408544
PESA2,train-ticket__BRF_clone_1.23__moc_1.64__mcnn_1.80__moncnn_1.45__MaxEval_102__ProbPAs_0.95__sb_none_sbth_6000__Algo_pesa2,403359,9353297920,6555408544,8640266240,6059941784
PESA2,train-ticket__BRF_clone_1.23__moc_1.64__mcnn_1.80__moncnn_1.45__MaxEval_102__ProbPAs_0.95__sb_none_sbth_6000__Algo_pesa2,392292,8640266240,6059941784,8501854208,5962632064
PESA2,train-ticket__BRF_clone_1.23__moc_1.64__mcnn_1.80__moncnn_1.45__MaxEval_102__ProbPAs_0.95__sb_none_sbth_6000__Algo_pesa2,419388,8501854208,5962632064,8501854208,5907948952
PESA2,train-ticket__BRF_clone_1.23__moc_1.64__mcnn_1.80__moncnn_1.45__MaxEval_102__ProbPAs_0.95__sb_none_sbth_6000__Algo_pesa2,428649,8501854208,5907948952,9269411840,6499258544
PESA2,train-ticket__BRF_clone_1.23__moc_1.64__mcnn_1.80__moncnn_1.45__MaxEval_102__ProbPAs_0.95__sb_none_sbth_6000__Algo_pesa2,496443,9269411840,6499255904,9269411840,6498841880
PESA2,train-ticket__BRF_clone_1.23__moc_1.64__mcnn_1.80__moncnn_1.45__MaxEval_102__ProbPAs_0.95__sb_none_sbth_6000__Algo_pesa2,455854,9269411840,6498841880,9999220736,7011849224
PESA2,train-ticket__BRF_clone_1.23__moc_1.64__mcnn_1.80__moncnn_1.45__MaxEval_102__ProbPAs_0.95__sb_none_sbth_6000__Algo_pesa2,487565,9999220736,7011849224,10670309376,7479467136
PESA2,train-ticket__BRF_clone_1.23__moc_1.64__mcnn_1.80__moncnn_1.45__MaxEval_102__ProbPAs_0.95__sb_none_sbth_6000__Algo_pesa2,553522,10670309376,7479467136,11395923968,7988003560
PESA2,train-ticket__BRF_clone_1.23__moc_1.64__mcnn_1.80__moncnn_1.45__MaxEval_102__ProbPAs_0.95__sb_none_sbth_6000__Algo_pesa2,524803,11395923968,7988003560,10808721408,7577247504
PESA2,train-ticket__BRF_clone_1.23__moc_1.64__mcnn_1.80__moncnn_1.45__MaxEval_102__ProbPAs_0.95__sb_none_sbth_6000__Algo_pesa2,532107,10808721408,7577247504,10808721408,7373899288
PESA2,train-ticket__BRF_clone_1.23__moc_1.64__mcnn_1.80__moncnn_1.45__MaxEval_102__ProbPAs_0.95__sb_none_sbth_6000__Algo_pesa2,500232,10808721408,7373899288,10808721408,7346325864
PESA2,train-ticket__BRF_clone_1.23__moc_1.64__mcnn_1.80__moncnn_1.45__MaxEval_102__ProbPAs_0.95__sb_none_sbth_6000__Algo_pesa2,498616,10808721408,7346325864,10808721408,7536582168
PESA2,train-ticket__BRF_clone_1.23__moc_1.64__mcnn_1.80__moncnn_1.45__MaxEval_102__ProbPAs_0.95__sb_none_sbth_6000__Algo_pesa2,505489,10808721408,7536582168,10808721408,7550193688
PESA2,train-ticket__BRF_clone_1.23__moc_1.64__mcnn_1.80__moncnn_1.45__MaxEval_102__ProbPAs_0.95__sb_none_sbth_6000__Algo_pesa2,539263,10808721408,7550193688,10808721408,7373130656
PESA2,train-ticket__BRF_clone_1.23__moc_1.64__mcnn_1.80__moncnn_1.45__MaxEval_102__ProbPAs_0.95__sb_none_sbth_6000__Algo_pesa2,442167,10808721408,7373130656,9592373248,6726165120
PESA2,train-ticket__BRF_clone_1.23__moc_1.64__mcnn_1.80__moncnn_1.45__MaxEval_102__ProbPAs_0.95__sb_none_sbth_6000__Algo_pesa2,453366,9592373248,6726165120,9550430208,6696891824
PESA2,train-ticket__BRF_clone_1.23__moc_1.64__mcnn_1.80__moncnn_1.45__MaxEval_102__ProbPAs_0.95__sb_none_sbth_6000__Algo_pesa2,433722,9550430208,6696891824,9298771968,6513453784
PESA2,train-ticket__BRF_clone_1.23__moc_1.64__mcnn_1.80__moncnn_1.45__MaxEval_102__ProbPAs_0.95__sb_none_sbth_6000__Algo_pesa2,471009,9298771968,6513453784,10041163776,7038976000
PESA2,train-ticket__BRF_clone_1.23__moc_1.64__mcnn_1.80__moncnn_1.45__MaxEval_102__ProbPAs_0.95__sb_none_sbth_6000__Algo_pesa2,484864,10041163776,7038976000,10041163776,6862685824
PESA2,train-ticket__BRF_clone_1.23__moc_1.64__mcnn_1.80__moncnn_1.45__MaxEval_102__ProbPAs_0.95__sb_none_sbth_6000__Algo_pesa2,476854,10041163776,6862685824,10527703040,7376088512
PESA2,train-ticket__BRF_clone_1.23__moc_1.64__mcnn_1.80__moncnn_1.45__MaxEval_102__ProbPAs_0.95__sb_none_sbth_6000__Algo_pesa2,496616,10527703040,7376088512,10527703040,7186214296
PESA2,train-ticket__BRF_clone_1.23__moc_1.64__mcnn_1.80__moncnn_1.45__MaxEval_102__ProbPAs_0.95__sb_none_sbth_6000__Algo_pesa2,533184,10527703040,7186214296,11844714496,8299590232
PESA2,train-ticket__BRF_clone_1.23__moc_1.64__mcnn_1.80__moncnn_1.45__MaxEval_102__ProbPAs_0.95__sb_none_sbth_6000__Algo_pesa2,516155,11844714496,8299590232,11844714496,8286284568
PESA2,train-ticket__BRF_clone_1.23__moc_1.64__mcnn_1.80__moncnn_1.45__MaxEval_102__ProbPAs_0.95__sb_none_sbth_6000__Algo_pesa2,538824,11844714496,8286284568,11928600576,8356555200
PESA2,train-ticket__BRF_clone_1.23__moc_1.64__mcnn_1.80__moncnn_1.45__MaxEval_102__ProbPAs_0.95__sb_none_sbth_6000__Algo_pesa2,562446,11928600576,8356555200,11928600576,8166196968
PESA2,train-ticket__BRF_clone_1.23__moc_1.64__mcnn_1.80__moncnn_1.45__MaxEval_102__ProbPAs_0.95__sb_none_sbth_6000__Algo_pesa2,521455,11928600576,8166196968,11270094848,7901636600
PESA2,train-ticket__BRF_clone_1.23__moc_1.64__mcnn_1.80__moncnn_1.45__MaxEval_102__ProbPAs_0.95__sb_none_sbth_6000__Algo_pesa2,540637,11270094848,7901636600,11270094848,7739089832
PESA2,train-ticket__BRF_clone_1.23__moc_1.64__mcnn_1.80__moncnn_1.45__MaxEval_102__ProbPAs_0.95__sb_none_sbth_6000__Algo_pesa2,505020,11270094848,7739089832,11173625856,7832424480
PESA2,train-ticket__BRF_clone_1.23__moc_1.64__mcnn_1.80__moncnn_1.45__MaxEval_102__ProbPAs_0.95__sb_none_sbth_6000__Algo_pesa2,542311,11173625856,7832424480,11156848640,7816033064
PESA2,train-ticket__BRF_clone_1.23__moc_1.64__mcnn_1.80__moncnn_1.45__MaxEval_102__ProbPAs_0.95__sb_none_sbth_6000__Algo_pesa2,504023,11156848640,7816033064,10527703040,7376233944
PESA2,train-ticket__BRF_clone_1.23__moc_1.64__mcnn_1.80__moncnn_1.45__MaxEval_102__ProbPAs_0.95__sb_none_sbth_6000__Algo_pesa2,487293,10527703040,7376233944,11173625856,7832147792
PESA2,train-ticket__BRF_clone_1.23__moc_1.64__mcnn_1.80__moncnn_1.45__MaxEval_102__ProbPAs_0.95__sb_none_sbth_6000__Algo_pesa2,539758,11173625856,7832147792,11173625856,7629600688
PESA2,train-ticket__BRF_clone_1.23__moc_1.64__mcnn_1.80__moncnn_1.45__MaxEval_102__ProbPAs_0.95__sb_none_sbth_6000__Algo_pesa2,561313,11173625856,7629600688,11173625856,7589071064
PESA2,train-ticket__BRF_clone_1.23__moc_1.64__mcnn_1.80__moncnn_1.45__MaxEval_102__ProbPAs_0.95__sb_none_sbth_6000__Algo_pesa2,542618,11173625856,7589071064,11173625856,7399270568
PESA2,train-ticket__BRF_clone_1.23__moc_1.64__mcnn_1.80__moncnn_1.45__MaxEval_102__ProbPAs_0.95__sb_none_sbth_6000__Algo_pesa2,557890,11173625856,7399270568,12624855040,8850455296
PESA2,train-ticket__BRF_clone_1.23__moc_1.64__mcnn_1.80__moncnn_1.45__MaxEval_102__ProbPAs_0.95__sb_none_sbth_6000__Algo_pesa2,587986,12624855040,8850455296,12624855040,8823456584
PESA2,train-ticket__BRF_clone_1.23__moc_1.64__mcnn_1.80__moncnn_1.45__MaxEval_102__ProbPAs_0.95__sb_none_sbth_6000__Algo_pesa2,606873,12624855040,8823456584,13421772800,9403683296
PESA2,train-ticket__BRF_clone_1.23__moc_1.64__mcnn_1.80__moncnn_1.45__MaxEval_102__ProbPAs_0.95__sb_none_sbth_6000__Algo_pesa2,538449,13421772800,9403683296,12612272128,8838379024
PESA2,train-ticket__BRF_clone_1.23__moc_1.64__mcnn_1.80__moncnn_1.45__MaxEval_102__ProbPAs_0.95__sb_none_sbth_6000__Algo_pesa2,603552,12612272128,8838379024,12612272128,8621530944
PESA2,train-ticket__BRF_clone_1.23__moc_1.64__mcnn_1.80__moncnn_1.45__MaxEval_102__ProbPAs_0.95__sb_none_sbth_6000__Algo_pesa2,591856,12612272128,8621530944,12612272128,8608017688
PESA2,train-ticket__BRF_clone_1.23__moc_1.64__mcnn_1.80__moncnn_1.45__MaxEval_102__ProbPAs_0.95__sb_none_sbth_6000__Algo_pesa2,568672,12612272128,8608017688,12612272128,8648848336
PESA2,train-ticket__BRF_clone_1.23__moc_1.64__mcnn_1.80__moncnn_1.45__MaxEval_102__ProbPAs_0.95__sb_none_sbth_6000__Algo_pesa2,609825,12612272128,8648848336,12612272128,8432023552
PESA2,train-ticket__BRF_clone_1.23__moc_1.64__mcnn_1.80__moncnn_1.45__MaxEval_102__ProbPAs_0.95__sb_none_sbth_6000__Algo_pesa2,630472,12612272128,8432023552,14067695616,9859372888
PESA2,train-ticket__BRF_clone_1.23__moc_1.64__mcnn_1.80__moncnn_1.45__MaxEval_102__ProbPAs_0.95__sb_none_sbth_6000__Algo_pesa2,628217,14067695616,9859372888,14067695616,9656224552
PESA2,train-ticket__BRF_clone_1.23__moc_1.64__mcnn_1.80__moncnn_1.45__MaxEval_102__ProbPAs_0.95__sb_none_sbth_6000__Algo_pesa2,639515,14067695616,9656224552,14067695616,9452847632
PESA2,train-ticket__BRF_clone_1.23__moc_1.64__mcnn_1.80__moncnn_1.45__MaxEval_102__ProbPAs_0.95__sb_none_sbth_6000__Algo_pesa2,595634,14067695616,9452847632,14067695616,9642450464
PESA2,train-ticket__BRF_clone_1.23__moc_1.64__mcnn_1.80__moncnn_1.45__MaxEval_102__ProbPAs_0.95__sb_none_sbth_6000__Algo_pesa2,701111,14067695616,9642450464,14067695616,9437270080
PESA2,train-ticket__BRF_clone_1.23__moc_1.64__mcnn_1.80__moncnn_1.45__MaxEval_102__ProbPAs_0.95__sb_none_sbth_6000__Algo_pesa2,625371,14067695616,9437270080,14067695616,9681344616
PESA2,train-ticket__BRF_clone_1.23__moc_1.64__mcnn_1.80__moncnn_1.45__MaxEval_102__ProbPAs_0.95__sb_none_sbth_6000__Algo_pesa2,766796,14067695616,9681344616,14067695616,9490019040
PESA2,train-ticket__BRF_clone_1.23__moc_1.64__mcnn_1.80__moncnn_1.45__MaxEval_102__ProbPAs_0.95__sb_none_sbth_6000__Algo_pesa2,660876,14067695616,9490019040,14067695616,9327609168
PESA2,train-ticket__BRF_clone_1.23__moc_1.64__mcnn_1.80__moncnn_1.45__MaxEval_102__ProbPAs_0.95__sb_none_sbth_6000__Algo_pesa2,661104,14067695616,9327609168,14067695616,9517470952
PESA2,train-ticket__BRF_clone_1.23__moc_1.64__mcnn_1.80__moncnn_1.45__MaxEval_102__ProbPAs_0.95__sb_none_sbth_6000__Algo_pesa2,660359,14067695616,9517470952,14067695616,9517301512
PESA2,train-ticket__BRF_clone_1.23__moc_1.64__mcnn_1.80__moncnn_1.45__MaxEval_102__ProbPAs_0.95__sb_none_sbth_6000__Algo_pesa2,651323,14067695616,9517301512,14067695616,9341129064
PESA2,train-ticket__BRF_clone_1.23__moc_1.64__mcnn_1.80__moncnn_1.45__MaxEval_102__ProbPAs_0.95__sb_none_sbth_6000__Algo_pesa2,660847,14067695616,9341129064,14067695616,9178633944
PESA2,train-ticket__BRF_clone_1.23__moc_1.64__mcnn_1.80__moncnn_1.45__MaxEval_102__ProbPAs_0.95__sb_none_sbth_6000__Algo_pesa2,712096,14067695616,9178633944,14067695616,8975239032
PESA2,train-ticket__BRF_clone_1.23__moc_1.64__mcnn_1.80__moncnn_1.45__MaxEval_102__ProbPAs_0.95__sb_none_sbth_6000__Algo_pesa2,623053,14067695616,8975239032,14067695616,9761948072
PESA2,train-ticket__BRF_clone_1.23__moc_1.64__mcnn_1.80__moncnn_1.45__MaxEval_102__ProbPAs_0.95__sb_none_sbth_6000__Algo_pesa2,650249,14067695616,9761948072,14067695616,9545304008
PESA2,train-ticket__BRF_clone_1.23__moc_1.64__mcnn_1.80__moncnn_1.45__MaxEval_102__ProbPAs_0.95__sb_none_sbth_6000__Algo_pesa2,650586,14067695616,9545304008,14067695616,9518139248
PESA2,train-ticket__BRF_clone_1.23__moc_1.64__mcnn_1.80__moncnn_1.45__MaxEval_102__ProbPAs_0.95__sb_none_sbth_6000__Algo_pesa2,637994,14067695616,9518139248,14067695616,9504431008
PESA2,train-ticket__BRF_clone_1.23__moc_1.64__mcnn_1.80__moncnn_1.45__MaxEval_102__ProbPAs_0.95__sb_none_sbth_6000__Algo_pesa2,660364,14067695616,9504431008,14067695616,9300930016
PESA2,train-ticket__BRF_clone_1.23__moc_1.64__mcnn_1.80__moncnn_1.45__MaxEval_102__ProbPAs_0.95__sb_none_sbth_6000__Algo_pesa2,682390,14067695616,9300930016,14067695616,9124503768
PESA2,train-ticket__BRF_clone_1.23__moc_1.64__mcnn_1.80__moncnn_1.45__MaxEval_102__ProbPAs_0.95__sb_none_sbth_6000__Algo_pesa2,735851,14067695616,9124503768,14067695616,8907768712
PESA2,train-ticket__BRF_clone_1.23__moc_1.64__mcnn_1.80__moncnn_1.45__MaxEval_102__ProbPAs_0.95__sb_none_sbth_6000__Algo_pesa2,688176,14067695616,8907768712,14067695616,9084249168
PESA2,train-ticket__BRF_clone_1.23__moc_1.64__mcnn_1.80__moncnn_1.45__MaxEval_102__ProbPAs_0.95__sb_none_sbth_6000__Algo_pesa2,681850,14067695616,9084249168,14067695616,9260215248
PESA2,train-ticket__BRF_clone_1.23__moc_1.64__mcnn_1.80__moncnn_1.45__MaxEval_102__ProbPAs_0.95__sb_none_sbth_6000__Algo_pesa2,661530,14067695616,9260215248,14067695616,9056544432
PESA2,train-ticket__BRF_clone_1.23__moc_1.64__mcnn_1.80__moncnn_1.45__MaxEval_102__ProbPAs_0.95__sb_none_sbth_6000__Algo_pesa2,707546,14067695616,9056544432,14067695616,8866040096
PESA2,train-ticket__BRF_clone_1.23__moc_1.64__mcnn_1.80__moncnn_1.45__MaxEval_102__ProbPAs_0.95__sb_none_sbth_6000__Algo_pesa2,661662,14067695616,8866040096,14067695616,8689605264
