algorithm,problem_tag,solID,perfQ,#changes,pas,reliability
NSGAII,simplified-cocome__BRF_clone_1.23__moc_1.64__mcnn_1.80__moncnn_1.45__MaxEval_102__ProbPAs_0.95__sb_byTime_sbth_1800000__Algo_nsgaii,2,0.09700530456056297,5.55,13,0.8274154245236491
NSGAII,simplified-cocome__BRF_clone_1.23__moc_1.64__mcnn_1.80__moncnn_1.45__MaxEval_102__ProbPAs_0.95__sb_byTime_sbth_1800000__Algo_nsgaii,11,0.20057173668102826,15.87,8,-0.18803432488356286
NSGAII,simplified-cocome__BRF_clone_1.23__moc_1.64__mcnn_1.80__moncnn_1.45__MaxEval_102__ProbPAs_0.95__sb_byTime_sbth_1800000__Algo_nsgaii,12,0.0418714794853449,4.54,11,0.5361961290903796
NSGAII,simplified-cocome__BRF_clone_1.23__moc_1.64__mcnn_1.80__moncnn_1.45__MaxEval_102__ProbPAs_0.95__sb_byTime_sbth_1800000__Algo_nsgaii,15,0.2732854882186192,12.209999999999999,12,0.7302425019858547
NSGAII,simplified-cocome__BRF_clone_1.23__moc_1.64__mcnn_1.80__moncnn_1.45__MaxEval_102__ProbPAs_0.95__sb_byTime_sbth_1800000__Algo_nsgaii,24,0.2732854882186192,12.209999999999999,12,0.7302425019858547
NSGAII,simplified-cocome__BRF_clone_1.23__moc_1.64__mcnn_1.80__moncnn_1.45__MaxEval_102__ProbPAs_0.95__sb_byTime_sbth_1800000__Algo_nsgaii,29,0.09700530456056297,5.55,13,0.8274154245236491
NSGAII,simplified-cocome__BRF_clone_1.23__moc_1.64__mcnn_1.80__moncnn_1.45__MaxEval_102__ProbPAs_0.95__sb_byTime_sbth_1800000__Algo_nsgaii,43,0.048667305324468314,4.54,12,0.5486339098033237
NSGAII,simplified-cocome__BRF_clone_1.23__moc_1.64__mcnn_1.80__moncnn_1.45__MaxEval_102__ProbPAs_0.95__sb_byTime_sbth_1800000__Algo_nsgaii,1,0.10114125666088368,5.49,10,0.053895078547877784
NSGAII,simplified-cocome__BRF_clone_1.23__moc_1.64__mcnn_1.80__moncnn_1.45__MaxEval_102__ProbPAs_0.95__sb_byTime_sbth_1800000__Algo_nsgaii,37,0.10114125666088368,5.49,10,0.053895078547877784
NSGAII,simplified-cocome__BRF_clone_1.23__moc_1.64__mcnn_1.80__moncnn_1.45__MaxEval_102__ProbPAs_0.95__sb_byTime_sbth_1800000__Algo_nsgaii,6,0.24925519815207015,10.25,12,0.7515096022622991
NSGAII,simplified-cocome__BRF_clone_1.23__moc_1.64__mcnn_1.80__moncnn_1.45__MaxEval_102__ProbPAs_0.95__sb_byTime_sbth_1800000__Algo_nsgaii,14,0.14084930225313153,7.7,12,0.8021797008381258
NSGAII,simplified-cocome__BRF_clone_1.23__moc_1.64__mcnn_1.80__moncnn_1.45__MaxEval_102__ProbPAs_0.95__sb_byTime_sbth_1800000__Algo_nsgaii,21,0.14084930225313153,7.7,12,0.8021797008381258
NSGAII,simplified-cocome__BRF_clone_1.23__moc_1.64__mcnn_1.80__moncnn_1.45__MaxEval_102__ProbPAs_0.95__sb_byTime_sbth_1800000__Algo_nsgaii,40,0.14084930225313153,7.7,12,0.8021797008381258
NSGAII,simplified-cocome__BRF_clone_1.23__moc_1.64__mcnn_1.80__moncnn_1.45__MaxEval_102__ProbPAs_0.95__sb_byTime_sbth_1800000__Algo_nsgaii,13,0.18336688238946533,9.15,12,0.8102501056010498
NSGAII,simplified-cocome__BRF_clone_1.23__moc_1.64__mcnn_1.80__moncnn_1.45__MaxEval_102__ProbPAs_0.95__sb_byTime_sbth_1800000__Algo_nsgaii,16,0.18336688238946533,9.15,12,0.8102501056010498
NSGAII,simplified-cocome__BRF_clone_1.23__moc_1.64__mcnn_1.80__moncnn_1.45__MaxEval_102__ProbPAs_0.95__sb_byTime_sbth_1800000__Algo_nsgaii,41,0.18336688238946533,9.15,12,0.8102501056010498
NSGAII,simplified-cocome__BRF_clone_1.23__moc_1.64__mcnn_1.80__moncnn_1.45__MaxEval_102__ProbPAs_0.95__sb_byTime_sbth_1800000__Algo_nsgaii,11,0.20057173668102826,15.87,8,-0.18803432488356286
NSGAII,simplified-cocome__BRF_clone_1.23__moc_1.64__mcnn_1.80__moncnn_1.45__MaxEval_102__ProbPAs_0.95__sb_byTime_sbth_1800000__Algo_nsgaii,12,0.0418714794853449,4.54,11,0.5361961290903796
NSGAII,simplified-cocome__BRF_clone_1.23__moc_1.64__mcnn_1.80__moncnn_1.45__MaxEval_102__ProbPAs_0.95__sb_byTime_sbth_1800000__Algo_nsgaii,15,0.2732854882186192,12.209999999999999,12,0.7302425019858547
NSGAII,simplified-cocome__BRF_clone_1.23__moc_1.64__mcnn_1.80__moncnn_1.45__MaxEval_102__ProbPAs_0.95__sb_byTime_sbth_1800000__Algo_nsgaii,24,0.2732854882186192,12.209999999999999,12,0.7302425019858547
NSGAII,simplified-cocome__BRF_clone_1.23__moc_1.64__mcnn_1.80__moncnn_1.45__MaxEval_102__ProbPAs_0.95__sb_byTime_sbth_1800000__Algo_nsgaii,43,0.048667305324468314,4.54,12,0.5486339098033237
NSGAII,simplified-cocome__BRF_clone_1.23__moc_1.64__mcnn_1.80__moncnn_1.45__MaxEval_102__ProbPAs_0.95__sb_byTime_sbth_1800000__Algo_nsgaii,46,0.09720906746456334,5.55,12,0.8274154245236491
NSGAII,simplified-cocome__BRF_clone_1.23__moc_1.64__mcnn_1.80__moncnn_1.45__MaxEval_102__ProbPAs_0.95__sb_byTime_sbth_1800000__Algo_nsgaii,48,0.1515643783961935,15.87,6,0.015174528750851284
NSGAII,simplified-cocome__BRF_clone_1.23__moc_1.64__mcnn_1.80__moncnn_1.45__MaxEval_102__ProbPAs_0.95__sb_byTime_sbth_1800000__Algo_nsgaii,55,0.2732854882186192,12.209999999999999,12,0.7302425019858547
NSGAII,simplified-cocome__BRF_clone_1.23__moc_1.64__mcnn_1.80__moncnn_1.45__MaxEval_102__ProbPAs_0.95__sb_byTime_sbth_1800000__Algo_nsgaii,63,0.048667305324468314,4.54,12,0.5486339098033237
NSGAII,simplified-cocome__BRF_clone_1.23__moc_1.64__mcnn_1.80__moncnn_1.45__MaxEval_102__ProbPAs_0.95__sb_byTime_sbth_1800000__Algo_nsgaii,71,0.2732854882186192,12.209999999999999,12,0.7302425019858547
NSGAII,simplified-cocome__BRF_clone_1.23__moc_1.64__mcnn_1.80__moncnn_1.45__MaxEval_102__ProbPAs_0.95__sb_byTime_sbth_1800000__Algo_nsgaii,1,0.10114125666088368,5.49,10,0.053895078547877784
NSGAII,simplified-cocome__BRF_clone_1.23__moc_1.64__mcnn_1.80__moncnn_1.45__MaxEval_102__ProbPAs_0.95__sb_byTime_sbth_1800000__Algo_nsgaii,37,0.10114125666088368,5.49,10,0.053895078547877784
NSGAII,simplified-cocome__BRF_clone_1.23__moc_1.64__mcnn_1.80__moncnn_1.45__MaxEval_102__ProbPAs_0.95__sb_byTime_sbth_1800000__Algo_nsgaii,61,0.2698876981967358,10.25,12,0.7515096022622991
NSGAII,simplified-cocome__BRF_clone_1.23__moc_1.64__mcnn_1.80__moncnn_1.45__MaxEval_102__ProbPAs_0.95__sb_byTime_sbth_1800000__Algo_nsgaii,14,0.14084930225313153,7.7,12,0.8021797008381258
NSGAII,simplified-cocome__BRF_clone_1.23__moc_1.64__mcnn_1.80__moncnn_1.45__MaxEval_102__ProbPAs_0.95__sb_byTime_sbth_1800000__Algo_nsgaii,21,0.14084930225313153,7.7,12,0.8021797008381258
NSGAII,simplified-cocome__BRF_clone_1.23__moc_1.64__mcnn_1.80__moncnn_1.45__MaxEval_102__ProbPAs_0.95__sb_byTime_sbth_1800000__Algo_nsgaii,40,0.14084930225313153,7.7,12,0.8021797008381258
NSGAII,simplified-cocome__BRF_clone_1.23__moc_1.64__mcnn_1.80__moncnn_1.45__MaxEval_102__ProbPAs_0.95__sb_byTime_sbth_1800000__Algo_nsgaii,11,0.20057173668102826,15.87,8,-0.18803432488356286
NSGAII,simplified-cocome__BRF_clone_1.23__moc_1.64__mcnn_1.80__moncnn_1.45__MaxEval_102__ProbPAs_0.95__sb_byTime_sbth_1800000__Algo_nsgaii,15,0.2732854882186192,12.209999999999999,12,0.7302425019858547
NSGAII,simplified-cocome__BRF_clone_1.23__moc_1.64__mcnn_1.80__moncnn_1.45__MaxEval_102__ProbPAs_0.95__sb_byTime_sbth_1800000__Algo_nsgaii,24,0.2732854882186192,12.209999999999999,12,0.7302425019858547
NSGAII,simplified-cocome__BRF_clone_1.23__moc_1.64__mcnn_1.80__moncnn_1.45__MaxEval_102__ProbPAs_0.95__sb_byTime_sbth_1800000__Algo_nsgaii,43,0.048667305324468314,4.54,12,0.5486339098033237
NSGAII,simplified-cocome__BRF_clone_1.23__moc_1.64__mcnn_1.80__moncnn_1.45__MaxEval_102__ProbPAs_0.95__sb_byTime_sbth_1800000__Algo_nsgaii,46,0.09720906746456334,5.55,12,0.8274154245236491
NSGAII,simplified-cocome__BRF_clone_1.23__moc_1.64__mcnn_1.80__moncnn_1.45__MaxEval_102__ProbPAs_0.95__sb_byTime_sbth_1800000__Algo_nsgaii,48,0.1515643783961935,15.87,6,0.015174528750851284
NSGAII,simplified-cocome__BRF_clone_1.23__moc_1.64__mcnn_1.80__moncnn_1.45__MaxEval_102__ProbPAs_0.95__sb_byTime_sbth_1800000__Algo_nsgaii,55,0.2732854882186192,12.209999999999999,12,0.7302425019858547
NSGAII,simplified-cocome__BRF_clone_1.23__moc_1.64__mcnn_1.80__moncnn_1.45__MaxEval_102__ProbPAs_0.95__sb_byTime_sbth_1800000__Algo_nsgaii,63,0.048667305324468314,4.54,12,0.5486339098033237
NSGAII,simplified-cocome__BRF_clone_1.23__moc_1.64__mcnn_1.80__moncnn_1.45__MaxEval_102__ProbPAs_0.95__sb_byTime_sbth_1800000__Algo_nsgaii,71,0.2732854882186192,12.209999999999999,12,0.7302425019858547
NSGAII,simplified-cocome__BRF_clone_1.23__moc_1.64__mcnn_1.80__moncnn_1.45__MaxEval_102__ProbPAs_0.95__sb_byTime_sbth_1800000__Algo_nsgaii,77,0.2732854882186192,12.209999999999999,12,0.7302425019858547
NSGAII,simplified-cocome__BRF_clone_1.23__moc_1.64__mcnn_1.80__moncnn_1.45__MaxEval_102__ProbPAs_0.95__sb_byTime_sbth_1800000__Algo_nsgaii,81,0.09720906746456334,5.55,12,0.8274154245236491
NSGAII,simplified-cocome__BRF_clone_1.23__moc_1.64__mcnn_1.80__moncnn_1.45__MaxEval_102__ProbPAs_0.95__sb_byTime_sbth_1800000__Algo_nsgaii,88,0.25002183391268074,11.07,13,0.763086383988203
NSGAII,simplified-cocome__BRF_clone_1.23__moc_1.64__mcnn_1.80__moncnn_1.45__MaxEval_102__ProbPAs_0.95__sb_byTime_sbth_1800000__Algo_nsgaii,89,0.03968632786085501,6.69,10,0.8105301802543067
NSGAII,simplified-cocome__BRF_clone_1.23__moc_1.64__mcnn_1.80__moncnn_1.45__MaxEval_102__ProbPAs_0.95__sb_byTime_sbth_1800000__Algo_nsgaii,90,0.09720906746456334,5.55,12,0.8274154245236491
NSGAII,simplified-cocome__BRF_clone_1.23__moc_1.64__mcnn_1.80__moncnn_1.45__MaxEval_102__ProbPAs_0.95__sb_byTime_sbth_1800000__Algo_nsgaii,101,0.24157202760969973,18.11,6,-0.042450872819581556
NSGAII,simplified-cocome__BRF_clone_1.23__moc_1.64__mcnn_1.80__moncnn_1.45__MaxEval_102__ProbPAs_0.95__sb_byTime_sbth_1800000__Algo_nsgaii,1,0.10114125666088368,5.49,10,0.053895078547877784
NSGAII,simplified-cocome__BRF_clone_1.23__moc_1.64__mcnn_1.80__moncnn_1.45__MaxEval_102__ProbPAs_0.95__sb_byTime_sbth_1800000__Algo_nsgaii,11,0.20057173668102826,15.87,8,-0.18803432488356286
NSGAII,simplified-cocome__BRF_clone_1.23__moc_1.64__mcnn_1.80__moncnn_1.45__MaxEval_102__ProbPAs_0.95__sb_byTime_sbth_1800000__Algo_nsgaii,15,0.2732854882186192,12.209999999999999,12,0.7302425019858547
NSGAII,simplified-cocome__BRF_clone_1.23__moc_1.64__mcnn_1.80__moncnn_1.45__MaxEval_102__ProbPAs_0.95__sb_byTime_sbth_1800000__Algo_nsgaii,24,0.2732854882186192,12.209999999999999,12,0.7302425019858547
NSGAII,simplified-cocome__BRF_clone_1.23__moc_1.64__mcnn_1.80__moncnn_1.45__MaxEval_102__ProbPAs_0.95__sb_byTime_sbth_1800000__Algo_nsgaii,43,0.048667305324468314,4.54,12,0.5486339098033237
NSGAII,simplified-cocome__BRF_clone_1.23__moc_1.64__mcnn_1.80__moncnn_1.45__MaxEval_102__ProbPAs_0.95__sb_byTime_sbth_1800000__Algo_nsgaii,46,0.09720906746456334,5.55,12,0.8274154245236491
NSGAII,simplified-cocome__BRF_clone_1.23__moc_1.64__mcnn_1.80__moncnn_1.45__MaxEval_102__ProbPAs_0.95__sb_byTime_sbth_1800000__Algo_nsgaii,48,0.1515643783961935,15.87,6,0.015174528750851284
NSGAII,simplified-cocome__BRF_clone_1.23__moc_1.64__mcnn_1.80__moncnn_1.45__MaxEval_102__ProbPAs_0.95__sb_byTime_sbth_1800000__Algo_nsgaii,55,0.2732854882186192,12.209999999999999,12,0.7302425019858547
NSGAII,simplified-cocome__BRF_clone_1.23__moc_1.64__mcnn_1.80__moncnn_1.45__MaxEval_102__ProbPAs_0.95__sb_byTime_sbth_1800000__Algo_nsgaii,63,0.048667305324468314,4.54,12,0.5486339098033237
NSGAII,simplified-cocome__BRF_clone_1.23__moc_1.64__mcnn_1.80__moncnn_1.45__MaxEval_102__ProbPAs_0.95__sb_byTime_sbth_1800000__Algo_nsgaii,71,0.2732854882186192,12.209999999999999,12,0.7302425019858547
NSGAII,simplified-cocome__BRF_clone_1.23__moc_1.64__mcnn_1.80__moncnn_1.45__MaxEval_102__ProbPAs_0.95__sb_byTime_sbth_1800000__Algo_nsgaii,77,0.2732854882186192,12.209999999999999,12,0.7302425019858547
NSGAII,simplified-cocome__BRF_clone_1.23__moc_1.64__mcnn_1.80__moncnn_1.45__MaxEval_102__ProbPAs_0.95__sb_byTime_sbth_1800000__Algo_nsgaii,81,0.09720906746456334,5.55,12,0.8274154245236491
NSGAII,simplified-cocome__BRF_clone_1.23__moc_1.64__mcnn_1.80__moncnn_1.45__MaxEval_102__ProbPAs_0.95__sb_byTime_sbth_1800000__Algo_nsgaii,89,0.03968632786085501,6.69,10,0.8105301802543067
NSGAII,simplified-cocome__BRF_clone_1.23__moc_1.64__mcnn_1.80__moncnn_1.45__MaxEval_102__ProbPAs_0.95__sb_byTime_sbth_1800000__Algo_nsgaii,90,0.09720906746456334,5.55,12,0.8274154245236491
NSGAII,simplified-cocome__BRF_clone_1.23__moc_1.64__mcnn_1.80__moncnn_1.45__MaxEval_102__ProbPAs_0.95__sb_byTime_sbth_1800000__Algo_nsgaii,115,0.048667305324468314,4.54,12,0.5486339098033237
NSGAII,simplified-cocome__BRF_clone_1.23__moc_1.64__mcnn_1.80__moncnn_1.45__MaxEval_102__ProbPAs_0.95__sb_byTime_sbth_1800000__Algo_nsgaii,118,0.24157202760969973,18.11,6,-0.04245087281958139
NSGAII,simplified-cocome__BRF_clone_1.23__moc_1.64__mcnn_1.80__moncnn_1.45__MaxEval_102__ProbPAs_0.95__sb_byTime_sbth_1800000__Algo_nsgaii,119,0.2732854882186192,12.209999999999999,12,0.7302425019858547
NSGAII,simplified-cocome__BRF_clone_1.23__moc_1.64__mcnn_1.80__moncnn_1.45__MaxEval_102__ProbPAs_0.95__sb_byTime_sbth_1800000__Algo_nsgaii,11,0.20057173668102826,15.87,8,-0.18803432488356286
NSGAII,simplified-cocome__BRF_clone_1.23__moc_1.64__mcnn_1.80__moncnn_1.45__MaxEval_102__ProbPAs_0.95__sb_byTime_sbth_1800000__Algo_nsgaii,15,0.2732854882186192,12.209999999999999,12,0.7302425019858547
NSGAII,simplified-cocome__BRF_clone_1.23__moc_1.64__mcnn_1.80__moncnn_1.45__MaxEval_102__ProbPAs_0.95__sb_byTime_sbth_1800000__Algo_nsgaii,24,0.2732854882186192,12.209999999999999,12,0.7302425019858547
NSGAII,simplified-cocome__BRF_clone_1.23__moc_1.64__mcnn_1.80__moncnn_1.45__MaxEval_102__ProbPAs_0.95__sb_byTime_sbth_1800000__Algo_nsgaii,43,0.048667305324468314,4.54,12,0.5486339098033237
NSGAII,simplified-cocome__BRF_clone_1.23__moc_1.64__mcnn_1.80__moncnn_1.45__MaxEval_102__ProbPAs_0.95__sb_byTime_sbth_1800000__Algo_nsgaii,46,0.09720906746456334,5.55,12,0.8274154245236491
NSGAII,simplified-cocome__BRF_clone_1.23__moc_1.64__mcnn_1.80__moncnn_1.45__MaxEval_102__ProbPAs_0.95__sb_byTime_sbth_1800000__Algo_nsgaii,48,0.1515643783961935,15.87,6,0.015174528750851284
NSGAII,simplified-cocome__BRF_clone_1.23__moc_1.64__mcnn_1.80__moncnn_1.45__MaxEval_102__ProbPAs_0.95__sb_byTime_sbth_1800000__Algo_nsgaii,55,0.2732854882186192,12.209999999999999,12,0.7302425019858547
NSGAII,simplified-cocome__BRF_clone_1.23__moc_1.64__mcnn_1.80__moncnn_1.45__MaxEval_102__ProbPAs_0.95__sb_byTime_sbth_1800000__Algo_nsgaii,63,0.048667305324468314,4.54,12,0.5486339098033237
NSGAII,simplified-cocome__BRF_clone_1.23__moc_1.64__mcnn_1.80__moncnn_1.45__MaxEval_102__ProbPAs_0.95__sb_byTime_sbth_1800000__Algo_nsgaii,71,0.2732854882186192,12.209999999999999,12,0.7302425019858547
NSGAII,simplified-cocome__BRF_clone_1.23__moc_1.64__mcnn_1.80__moncnn_1.45__MaxEval_102__ProbPAs_0.95__sb_byTime_sbth_1800000__Algo_nsgaii,77,0.2732854882186192,12.209999999999999,12,0.7302425019858547
NSGAII,simplified-cocome__BRF_clone_1.23__moc_1.64__mcnn_1.80__moncnn_1.45__MaxEval_102__ProbPAs_0.95__sb_byTime_sbth_1800000__Algo_nsgaii,81,0.09720906746456334,5.55,12,0.8274154245236491
NSGAII,simplified-cocome__BRF_clone_1.23__moc_1.64__mcnn_1.80__moncnn_1.45__MaxEval_102__ProbPAs_0.95__sb_byTime_sbth_1800000__Algo_nsgaii,90,0.09720906746456334,5.55,12,0.8274154245236491
NSGAII,simplified-cocome__BRF_clone_1.23__moc_1.64__mcnn_1.80__moncnn_1.45__MaxEval_102__ProbPAs_0.95__sb_byTime_sbth_1800000__Algo_nsgaii,115,0.048667305324468314,4.54,12,0.5486339098033237
NSGAII,simplified-cocome__BRF_clone_1.23__moc_1.64__mcnn_1.80__moncnn_1.45__MaxEval_102__ProbPAs_0.95__sb_byTime_sbth_1800000__Algo_nsgaii,118,0.24157202760969973,18.11,6,-0.04245087281958139
NSGAII,simplified-cocome__BRF_clone_1.23__moc_1.64__mcnn_1.80__moncnn_1.45__MaxEval_102__ProbPAs_0.95__sb_byTime_sbth_1800000__Algo_nsgaii,119,0.2732854882186192,12.209999999999999,12,0.7302425019858547
NSGAII,simplified-cocome__BRF_clone_1.23__moc_1.64__mcnn_1.80__moncnn_1.45__MaxEval_102__ProbPAs_0.95__sb_byTime_sbth_1800000__Algo_nsgaii,130,0.2732854882186192,12.209999999999999,12,0.7302425019858547
NSGAII,simplified-cocome__BRF_clone_1.23__moc_1.64__mcnn_1.80__moncnn_1.45__MaxEval_102__ProbPAs_0.95__sb_byTime_sbth_1800000__Algo_nsgaii,15,0.2732854882186192,12.209999999999999,12,0.7302425019858547
NSGAII,simplified-cocome__BRF_clone_1.23__moc_1.64__mcnn_1.80__moncnn_1.45__MaxEval_102__ProbPAs_0.95__sb_byTime_sbth_1800000__Algo_nsgaii,24,0.2732854882186192,12.209999999999999,12,0.7302425019858547
NSGAII,simplified-cocome__BRF_clone_1.23__moc_1.64__mcnn_1.80__moncnn_1.45__MaxEval_102__ProbPAs_0.95__sb_byTime_sbth_1800000__Algo_nsgaii,43,0.048667305324468314,4.54,12,0.5486339098033237
NSGAII,simplified-cocome__BRF_clone_1.23__moc_1.64__mcnn_1.80__moncnn_1.45__MaxEval_102__ProbPAs_0.95__sb_byTime_sbth_1800000__Algo_nsgaii,46,0.09720906746456334,5.55,12,0.8274154245236491
NSGAII,simplified-cocome__BRF_clone_1.23__moc_1.64__mcnn_1.80__moncnn_1.45__MaxEval_102__ProbPAs_0.95__sb_byTime_sbth_1800000__Algo_nsgaii,55,0.2732854882186192,12.209999999999999,12,0.7302425019858547
NSGAII,simplified-cocome__BRF_clone_1.23__moc_1.64__mcnn_1.80__moncnn_1.45__MaxEval_102__ProbPAs_0.95__sb_byTime_sbth_1800000__Algo_nsgaii,63,0.048667305324468314,4.54,12,0.5486339098033237
NSGAII,simplified-cocome__BRF_clone_1.23__moc_1.64__mcnn_1.80__moncnn_1.45__MaxEval_102__ProbPAs_0.95__sb_byTime_sbth_1800000__Algo_nsgaii,71,0.2732854882186192,12.209999999999999,12,0.7302425019858547
NSGAII,simplified-cocome__BRF_clone_1.23__moc_1.64__mcnn_1.80__moncnn_1.45__MaxEval_102__ProbPAs_0.95__sb_byTime_sbth_1800000__Algo_nsgaii,77,0.2732854882186192,12.209999999999999,12,0.7302425019858547
NSGAII,simplified-cocome__BRF_clone_1.23__moc_1.64__mcnn_1.80__moncnn_1.45__MaxEval_102__ProbPAs_0.95__sb_byTime_sbth_1800000__Algo_nsgaii,81,0.09720906746456334,5.55,12,0.8274154245236491
NSGAII,simplified-cocome__BRF_clone_1.23__moc_1.64__mcnn_1.80__moncnn_1.45__MaxEval_102__ProbPAs_0.95__sb_byTime_sbth_1800000__Algo_nsgaii,90,0.09720906746456334,5.55,12,0.8274154245236491
NSGAII,simplified-cocome__BRF_clone_1.23__moc_1.64__mcnn_1.80__moncnn_1.45__MaxEval_102__ProbPAs_0.95__sb_byTime_sbth_1800000__Algo_nsgaii,115,0.048667305324468314,4.54,12,0.5486339098033237
NSGAII,simplified-cocome__BRF_clone_1.23__moc_1.64__mcnn_1.80__moncnn_1.45__MaxEval_102__ProbPAs_0.95__sb_byTime_sbth_1800000__Algo_nsgaii,119,0.2732854882186192,12.209999999999999,12,0.7302425019858547
NSGAII,simplified-cocome__BRF_clone_1.23__moc_1.64__mcnn_1.80__moncnn_1.45__MaxEval_102__ProbPAs_0.95__sb_byTime_sbth_1800000__Algo_nsgaii,130,0.2732854882186192,12.209999999999999,12,0.7302425019858547
NSGAII,simplified-cocome__BRF_clone_1.23__moc_1.64__mcnn_1.80__moncnn_1.45__MaxEval_102__ProbPAs_0.95__sb_byTime_sbth_1800000__Algo_nsgaii,160,0.2732854882186192,12.209999999999999,12,0.7302425019858547
NSGAII,simplified-cocome__BRF_clone_1.23__moc_1.64__mcnn_1.80__moncnn_1.45__MaxEval_102__ProbPAs_0.95__sb_byTime_sbth_1800000__Algo_nsgaii,161,0.2732854882186192,12.209999999999999,12,0.7302425019858547
NSGAII,simplified-cocome__BRF_clone_1.23__moc_1.64__mcnn_1.80__moncnn_1.45__MaxEval_102__ProbPAs_0.95__sb_byTime_sbth_1800000__Algo_nsgaii,162,0.2732854882186192,12.209999999999999,12,0.7302425019858547
